Mutation	HLA Allele	Sub-peptide Position	Epitope Seq	Median IC50 Score	Best IC50 Score	Best IC50 Score Method	Median Percentile	Best Percentile	Best Percentile Method	MHCflurryEL Processing Score	MHCflurryEL Presentation Score	MHCflurryEL Presentation Percentile	MHCflurry IC50 Score	MHCflurry Percentile	MHCnuggetsI IC50 Score	MHCnuggetsI Percentile	NetMHCcons IC50 Score	NetMHCcons Percentile	NetMHCpan IC50 Score	NetMHCpan Percentile	NetMHCpanEL Score	NetMHCpanEL Percentile	PickPocket IC50 Score	PickPocket Percentile	SMM IC50 Score	SMM Percentile	SMMPMBEC IC50 Score	SMMPMBEC Percentile	cterm_7mer_gravy_score	max_7mer_gravy_score	difficult_n_terminal_residue	c_terminal_cysteine	c_terminal_proline	cysteine_count	n_terminal_asparagine	asparagine_proline_bond_count
peptide_854	HLA-A*02:01	1	RLWENIWFV	1.72	0.54	SMMPMBEC	0.01	0.0	MHCnuggetsI	0.7614120244979858	0.991278943509824	0.0008423913043174	10.506670691570386	0.002875	523.46	0.0	1.81	0.01	1.72	0.01	0.987	0.01	0.72	0.1	0.59	0.1	0.54	0.1	0.3857142857142856	0.3857142857142856	False	False	False	0	False	0
peptide_5502	HLA-A*02:01	1	GLTEWCWSV	4.9	2.95	NetMHCcons	0.09	0.0185	MHCflurry	0.3019537130603567	0.949698682378734	0.0480706521739193	12.51000685680449	0.0185	4082.01	0.54	2.95	0.05	3.55	0.02	0.788	0.09	8.52	0.3	4.9	0.2	4.38	0.2	-0.014285714285714362	-0.01428571428571425	False	False	False	1	False	0
peptide_9327	HLA-A*02:01	1	YMDASFAAV	5.85	2.44	NetMHCpan	0.06	0.0153804347826422	MHCflurry	0.5260480791330338	0.9732982145647212	0.0153804347826422	14.37570082973294	0.03825	1277.31	0.18	3.34	0.06	2.44	0.02	0.833	0.06	5.77	0.2	5.85	0.2	6.29	0.2	1.157142857142857	1.157142857142857	False	False	False	0	False	0
peptide_5792	HLA-A*02:01	1	QMYGDCYYV	6.35	2.8	NetMHCpan	0.11	0.00425	MHCflurry	0.074502233415842	0.907226720651112	0.109809782608707	10.75450070478932	0.00425	4626.16	0.74	3.62	0.06	2.8	0.02	0.748	0.11	5.24	0.2	6.35	0.2	6.49	0.2	-0.15714285714285708	-0.15714285714285708	True	False	False	1	False	0
peptide_5173	HLA-A*02:01	1	MLHNWLPMV	6.91	3.31	NetMHCcons	0.06	0.0024999999999977	MHCflurry	0.674009881913662	0.9865655159434764	0.0024999999999977	11.981746817937497	0.01425	855.68	0.1	3.31	0.06	3.48	0.02	0.89	0.04	5.77	0.2	7.21	0.2	6.91	0.2	0.09999999999999996	0.09999999999999996	False	False	False	0	False	0
peptide_7355	HLA-A*02:01	1	KLIQIKWYV	7.05	3.51	NetMHCpan	0.06	0.013	MHCflurry	0.4071685597300529	0.9668049533750986	0.0240489130435008	11.745903671633547	0.013	747.64	0.08	3.91	0.06	3.51	0.02	0.958	0.02	6.43	0.2	7.05	0.2	7.37	0.2	0.5142857142857143	0.5142857142857143	False	False	False	0	False	0
peptide_9312	HLA-A*02:01	1	YLHWMIPFI	9.04	4.57	NetMHCcons	0.1	0.007375	MHCflurry	0.5095465062186122	0.977841066664129	0.0108695652174048	11.118931965941227	0.007375	579.7	0.02	4.57	0.1	5.37	0.04	0.51	0.26	12.71	0.4	9.04	0.3	7.88	0.2	1.1428571428571428	1.1428571428571428	False	False	False	0	False	0
peptide_2235	HLA-A*02:01	1	YLMCVDIHA	9.84	4.62	NetMHCpan	0.27	0.03	NetMHCpan	0.0141450666124001	0.8406800444268371	0.2150543478260829	16.290895936031202	0.055875	2041.52	0.27	7.52	0.24	4.62	0.03	0.367	0.41	15.61	0.5	9.84	0.3	9.32	0.3	1.1714285714285715	1.7285714285714289	False	False	False	1	False	0
peptide_1149	HLA-A*02:01	1	GLDESWWCV	10.95	5.04	NetMHCcons	0.2	0.0465217391304406	MHCflurry	0.5985637921839952	0.9499735559167012	0.0465217391304406	36.63428248700237	0.2541249999999998	4651.35	0.75	5.04	0.15	9.05	0.08	0.708	0.12	6.64	0.2	11.83	0.3	10.95	0.3	-0.4142857142857142	-0.4142857142857142	False	False	False	1	False	0
peptide_3202	HLA-A*02:01	1	GMICFSPQV	12.456	4.06	NetMHCpan	0.148	0.016875	MHCflurry	0.0421536983340047	0.8832000518490367	0.1480163043478342	12.456266713707958	0.016875	755.48	0.08	4.52	0.09	4.06	0.03	0.623	0.18	8.61	0.3	19.19	0.4	17.72	0.4	1.1571428571428573	1.2714285714285716	False	False	False	1	False	0
peptide_9631	HLA-A*02:01	1	MLYHCDLTV	12.51	4.11	NetMHCpan	0.3	0.019375	MHCflurry	0.0909610197413712	0.8979202823057603	0.1241847826087223	12.734373186002664	0.019375	3631.09	0.4499999999999999	9.91	0.36	4.11	0.03	0.609	0.19	9.6	0.3	12.51	0.3	12.9	0.3	0.2571428571428571	0.5714285714285713	False	False	False	1	False	0
peptide_8437	HLA-A*02:01	1	FMHMQSAPV	13.07	5.96	NetMHCcons	0.3	0.06	NetMHCpan	0.0060228428192203	0.8307840952941739	0.2300271739130437	17.034658273558495	0.065	5549.15	6.959999999999999	5.96	0.2	7.38	0.06	0.232	0.7	11.05	0.4	13.07	0.3	14.64	0.4	-0.17142857142857146	0.12857142857142842	False	False	False	0	False	0
peptide_2833	HLA-A*02:01	1	MLGYCPYIV	13.71	9.57	NetMHCpan	0.3	0.077625	MHCflurry	0.0044755275448551	0.8219851039062543	0.2427989130434582	18.043083008924217	0.077625	5531.55	4.58	13.71	0.49	9.57	0.08	0.129	1.2	19.18	0.6	13.68	0.3	13.13	0.3	0.9428571428571428	0.9428571428571428	False	False	False	1	False	0
peptide_8337	HLA-A*02:01	1	FMPDRFVFA	16.48	8.32	NetMHCpan	0.2	0.0016847826086774	MHCflurry	0.7909195274114609	0.988776437559398	0.0016847826086774	15.20779173530451	0.0455	1397.14	0.2	8.94	0.31	8.32	0.08	0.739	0.11	16.48	0.5	18.33	0.4	17.28	0.4	0.2857142857142857	0.29999999999999993	False	False	False	0	False	0
peptide_8409	HLA-A*02:01	1	AQWEMWFRV	17.2	5.29	NetMHCcons	0.17	0.04	NetMHCpan	0.1678602865431457	0.8573820963244764	0.1885869565217177	24.93434076437904	0.14725	1136.67	0.16	5.29	0.17	5.67	0.04	0.711	0.12	12.17	0.4	18.16	0.4	17.2	0.4	-0.12857142857142861	-0.12857142857142861	False	False	False	0	False	0
peptide_9797	HLA-A*02:01	1	FMAVLASIV	17.59	15.616356078058036	MHCflurry	0.5	0.049	MHCflurry	0.0032065091509139	0.8409977746251921	0.2137500000000045	15.616356078058036	0.049	5432.79	1.99	17.59	0.64	16.58	0.16	0.138	1.1	17.59	0.6	21.78	0.5	24.35	0.5	2.7857142857142856	2.7857142857142856	False	False	False	0	False	0
peptide_9679	HLA-A*02:01	1	YMVLSQFAL	19.18	8.18	NetMHCpan	0.44	0.0505	MHCflurry	0.0058434411985217	0.8410444531491265	0.2137500000000045	15.761407306437627	0.0505	4027.44	0.53	8.8	0.31	8.18	0.08	0.354	0.44	19.18	0.6	21.93	0.5	23.25	0.5	1.7285714285714289	1.7285714285714289	False	False	False	0	False	0
peptide_5410	HLA-A*02:01	1	FLTPHGFWI	20.24	6.45	NetMHCpan	0.24	0.01425	MHCflurry	0.2561348425224423	0.9436054770746188	0.0570108695652464	11.988814595621584	0.01425	3173.28	0.3899999999999999	7.28	0.24	6.45	0.05	0.704	0.13	20.24	0.7	23.39	0.5	21.65	0.5	0.0714285714285713	0.49999999999999983	False	False	False	0	False	0
peptide_6459	HLA-A*02:01	1	FQIFQYWGV	21.6	3.38	NetMHCcons	0.26	0.03	NetMHCpan	0.0726913086546119	0.8748369032903882	0.1624999999999943	15.09623980919633	0.043625	4841.61	0.8500000000000001	3.38	0.06	3.91	0.03	0.501	0.26	21.6	0.7	21.93	0.5	23.57	0.5	0.7714285714285715	0.7714285714285715	False	False	False	0	False	0
peptide_5031	HLA-A*02:01	1	QMYSYLRKV	24.6	18.17	PickPocket	0.19	0.0298641304348024	MHCflurry	0.5004961043596268	0.9621279728798688	0.0298641304348024	18.994311293586208	0.084625	994.33	0.13	24.6	0.86	21.66	0.19	0.729	0.12	18.17	0.6	49.79	0.9	54.38	1.0	-0.5428571428571428	-0.5428571428571428	True	False	False	0	False	0
peptide_5630	HLA-A*02:01	1	YIVDTVENV	25.41	9.7	NetMHCcons	0.11	0.0096467391304457	MHCflurry	0.5907435938715935	0.9789535603407176	0.0096467391304457	14.15699093567483	0.035375	594.37	0.03	9.7	0.34	12.35	0.11	0.926	0.03	25.41	0.8	54.72	1.0	50.17	0.9	0.20000000000000004	0.5571428571428572	False	False	False	0	False	0
peptide_581	HLA-A*02:01	1	ILQCTVWPA	25.684	7.11	NetMHCpan	0.5	0.06	NetMHCpan	0.0025470748187217	0.764957980624098	0.3331521739130068	25.68359891658716	0.15575	5510.37	3.41	10.07	0.38	7.11	0.06	0.152	1.1	18.37	0.6	29.79	0.5	25.79	0.5	0.2571428571428572	1.4142857142857144	False	False	False	1	False	0
peptide_4093	HLA-A*02:01	1	LLLFPCFGL	25.93	14.01	PickPocket	0.6	0.13775	MHCflurry	0.0054102811409393	0.7804361710924226	0.3088586956521624	23.70126950292755	0.13775	5515.86	3.64	21.6	0.78	25.93	0.23	0.105	1.4	14.01	0.4	34.6	0.6	36.93	0.7	1.957142857142857	2.557142857142857	False	False	False	1	False	0
peptide_3019	HLA-A*02:01	1	FLNHEFYAM	26.25	8.85	NetMHCpan	0.43	0.041625	MHCflurry	0.2750099182594567	0.9355396930992108	0.0685597826087018	14.86759172549836	0.041625	3460.06	0.43	13.28	0.48	8.85	0.08	0.562	0.23	26.25	0.8	51.77	0.9	50.28	0.9	-0.7142857142857143	-0.3000000000000001	False	False	False	0	False	0
peptide_6357	HLA-A*02:01	1	FVFHFLYRA	27.07	8.25	NetMHCcons	0.34	0.13	NetMHCpan	0.1867465879768133	0.858854656343134	0.1871739130434804	26.379501587631204	0.16225	4405.67	0.65	8.25	0.28	13.57	0.13	0.421	0.34	30.54	1.0	28.39	0.5	27.07	0.5	0.31428571428571417	1.6999999999999997	False	False	False	0	False	0
peptide_4449	HLA-A*02:01	1	LMPTDFWTI	27.11	14.94	NetMHCpan	0.65	0.099510869565222	MHCflurry	0.2805482563562691	0.9147870775518078	0.099510869565222	20.692793780472208	0.1055	4938.84	0.91	17.88	0.65	14.94	0.15	0.35	0.45	27.11	0.9	46.14	0.8	47.14	0.8	-0.014285714285714235	0.25714285714285706	False	False	False	0	False	0
peptide_8046	HLA-A*02:01	1	WLDDGLNEI	27.3	6.94	NetMHCcons	0.22	0.04	NetMHCpanEL	0.3689826373010874	0.8871848227281608	0.1418478260869591	39.34308104202752	0.2781249999999998	1407.78	0.2	6.94	0.22	9.27	0.08	0.877	0.04	27.41	0.9	27.3	0.5	25.79	0.5	-0.8714285714285717	-0.6	False	False	False	0	False	0
peptide_5382	HLA-A*02:01	1	FMQTHMNAL	27.71	16.39	NetMHCcons	0.61	0.091875	MHCflurry	0.1228006968740373	0.8665797391648216	0.1746467391304236	19.54073651426588	0.091875	4570.85	0.7100000000000001	16.39	0.61	17.17	0.16	0.587	0.21	27.71	0.9	46.25	0.8	47.58	0.8	-0.48571428571428577	-0.48571428571428577	False	False	False	0	False	0
peptide_5325	HLA-A*02:01	1	WMAQLIYSM	28.01	13.16	NetMHCpan	0.75	0.115	MHCflurry	0.0071122104527603	0.7970109297304571	0.2824728260869165	21.526548036024977	0.115	5357.13	1.6	13.71	0.49	13.16	0.12	0.214	0.75	28.01	0.9	50.6	0.9	50.28	0.9	0.9142857142857144	0.9142857142857144	False	False	False	0	False	0
peptide_399	HLA-A*02:01	1	MIYWSGYYL	28.01	13.86	NetMHCcons	0.69	0.128	MHCflurry	0.064889172790572	0.8203654247037749	0.2464402173912816	22.741072689424687	0.128	4509.16	0.69	13.86	0.5	15.48	0.15	0.192	0.82	28.01	0.9	47.0	0.8	40.31	0.7	-0.31428571428571433	0.2428571428571429	False	False	False	0	False	0
peptide_4918	HLA-A*02:01	1	FLVCWFENM	29.25	17.21	NetMHCcons	0.8	0.08925	MHCflurry	0.0290155832190066	0.8247931103995011	0.2395652173912736	19.34181640426318	0.08925	5466.53	2.36	17.21	0.64	24.45	0.21	0.0859	1.5	29.25	0.9	52.86	0.9	45.13	0.8	0.49999999999999994	1.6714285714285713	False	False	False	1	False	0
peptide_8035	HLA-A*02:01	1	SMWYPIWYT	29.59	13.57	NetMHCcons	0.5	0.15	NetMHCpan	0.0327851503388956	0.755040905969549	0.3495380434782333	30.325033902861296	0.1986249999999999	4300.37	0.61	13.57	0.48	16.38	0.15	0.299	0.55	15.78	0.5	29.59	0.5	30.51	0.6	-0.31428571428571433	0.12857142857142853	False	False	False	0	False	0
peptide_3383	HLA-A*02:01	1	YQNCYLMWI	29.81	7.6	NetMHCcons	0.5	0.13	NetMHCpan	0.0083169692334195	0.7728047099613934	0.3199456521738852	25.06336311682299	0.150625	5610.39	79.96	7.6	0.24	13.82	0.13	0.0981	1.4	58.45	1.9	35.57	0.6	29.81	0.5	1.0	1.0	False	False	False	1	False	0
peptide_2690	HLA-A*02:01	1	MLAPHNPRI	30.21	13.42	NetMHCcons	0.15	0.006168478260875	MHCflurry	0.6338063515722752	0.9819322165955036	0.006168478260875	14.109304332957846	0.035375	641.18	0.04	13.42	0.48	15.4	0.15	0.894	0.03	30.21	1.0	47.55	0.8	49.59	0.9	-1.157142857142857	-0.3428571428571431	False	False	False	0	False	1
peptide_692	HLA-A*02:01	1	NLVMILYPI	31.92	15.61	PickPocket	0.5	0.2719999999999998	MHCflurry	0.0018803256898536	0.6857278216443905	0.4613858695651771	38.669493667471926	0.2719999999999998	5540.72	5.52	16.93	0.63	33.97	0.31	0.0469	2.2	15.61	0.5	31.92	0.6	29.95	0.5	2.2857142857142856	2.2857142857142856	False	False	False	0	True	0
peptide_8782	HLA-A*02:01	1	RIFCANPNV	32.24	22.68	NetMHCcons	0.66	0.13775	MHCflurry	0.0287495066877454	0.7943963506252647	0.2868478260869267	23.68065878483377	0.13775	2256.34	0.29	22.68	0.8	26.61	0.25	0.244	0.66	32.24	1.0	127.38	2.0	117.07	1.8	0.3857142857142857	0.4285714285714288	False	False	False	1	False	1
peptide_429	HLA-A*02:01	1	VLIHNEPTV	32.89	18.37	PickPocket	0.3	0.0072554347826212	MHCflurry	0.7642455250024796	0.9806560997166408	0.0072554347826212	24.374903002429274	0.142125	655.46	0.05	20.91	0.78	32.89	0.3	0.869	0.05	18.37	0.6	52.62	0.9	55.9	1.0	-0.5428571428571428	0.10000000000000009	False	False	False	0	False	0
peptide_4396	HLA-A*02:01	1	CLMGKQVRV	32.965	20.03	PickPocket	0.6	0.14	NetMHCpanEL	0.0669566870201379	0.762329594378034	0.3385597826086837	32.96528110794231	0.2204999999999999	5435.21	2.01	31.72	1.0	22.54	0.2	0.687	0.14	20.03	0.6	40.84	0.7	45.13	0.8	-0.2857142857142857	0.6571428571428571	True	False	False	1	False	0
peptide_2998	HLA-A*02:01	1	AMDENLNSL	33.054	12.84	NetMHCpan	0.27	0.02	NetMHCpanEL	0.3550270795822143	0.898632129110103	0.1241847826087223	33.05387179211101	0.2204999999999999	2044.62	0.27	19.6	0.72	12.84	0.12	0.962	0.02	22.32	0.7	51.77	0.9	52.41	0.9	-1.0285714285714287	-0.9285714285714286	False	False	False	0	False	0
peptide_3749	HLA-A*02:01	1	WTMGFVWLI	33.07	7.05	NetMHCcons	0.6	0.12	NetMHCpan	0.0096910701395245	0.7558965888542193	0.3479619565217149	27.745826631131088	0.1715	5345.75	1.5599999999999998	7.05	0.23	12.47	0.12	0.164	0.97	67.28	2.2	35.65	0.6	33.07	0.6	2.2714285714285714	2.2714285714285714	False	False	False	0	False	0
peptide_6654	HLA-A*02:01	1	KLMEDYESA	34.84	8.94	NetMHCcons	0.31	0.0427173913043645	MHCflurry	0.4647998833097517	0.9537218354869564	0.0427173913043645	20.6873097247133	0.1055	5278.64	1.38	8.94	0.31	12.46	0.12	0.859	0.05	37.51	1.3	34.84	0.6	35.19	0.6	-1.2714285714285711	-0.9857142857142858	False	False	False	0	False	0
peptide_3514	HLA-A*02:01	1	IQFCSLFHI	35.15	11.05	NetMHCcons	1.1	0.110375	MHCflurry	0.0027687535985023	0.7977448048421492	0.2824728260869165	21.089806547187084	0.110375	5378.4	1.68	11.05	0.42	15.85	0.15	0.133	1.2	35.15	1.1	71.96	1.3	65.08	1.2	1.7714285714285718	1.7714285714285718	False	False	False	1	False	0
peptide_7474	HLA-A*02:01	1	MLNEPFSRL	35.73	21.92372737681212	MHCflurry	0.81	0.06	NetMHCpanEL	0.2393401972949504	0.8976709652069796	0.1255163043478404	21.92372737681212	0.1195	4765.83	0.8099999999999999	35.73	1.2	32.99	0.3	0.832	0.06	30.87	1.0	117.25	1.8	121.46	1.9	-1.042857142857143	-0.12857142857142873	False	False	False	0	False	0
peptide_9850	HLA-A*02:01	1	ILSLFCIYL	35.73	22.462829613557656	MHCflurry	0.5	0.12525	MHCflurry	0.0060493286582641	0.7896140061780278	0.2942391304347609	22.462829613557656	0.12525	5314.66	1.47	35.73	1.2	54.69	0.45	0.116	1.3	40.46	1.4	24.78	0.5	23.9	0.5	2.185714285714286	3.0142857142857147	False	False	False	1	False	0
peptide_8600	HLA-A*02:01	1	MLNDKEWTA	36.31	13.29	NetMHCpan	0.32	0.0130978260869767	MHCflurry	0.7218236103653908	0.9751587382755872	0.0130978260869767	27.17578356450296	0.167125	2580.85	0.32	17.49	0.64	13.29	0.12	0.845	0.06	36.31	1.2	49.9	0.9	48.02	0.8	-2.0285714285714285	-1.3714285714285717	False	False	False	0	False	0
peptide_2118	HLA-A*02:01	1	ALGSWVPQA	36.43	23.65197421752964	MHCflurry	0.33	0.0240489130435008	MHCflurry	0.5939787104725838	0.9661919519028204	0.0240489130435008	23.65197421752964	0.13775	1200.72	0.1699999999999999	26.25	0.91	36.43	0.33	0.814	0.07	35.54	1.2	92.28	1.5	85.39	1.4	-0.17142857142857143	0.8714285714285713	False	False	False	0	False	0
peptide_1595	HLA-A*02:01	1	RMFDGGESL	37.11	11.8	NetMHCpan	0.52	0.0031249999999971	MHCflurry	0.759703017771244	0.9855472774556994	0.0031249999999971	17.668707123740948	0.073625	3973.16	0.52	16.31	0.61	11.8	0.11	0.94	0.03	37.11	1.2	86.72	1.5	84.22	1.4	-0.2857142857142857	-0.2857142857142857	False	False	False	0	False	0
peptide_8454	HLA-A*02:01	1	IMIEACSRL	37.11	19.7	NetMHCcons	0.75	0.2427499999999998	MHCflurry	0.1515762326307594	0.8009888814223028	0.2760326086956439	35.51633963748761	0.2427499999999998	5207.77	1.23	19.7	0.75	34.43	0.32	0.402	0.36	37.11	1.2	58.76	1.1	60.45	1.2	0.5428571428571428	1.5571428571428572	False	False	False	1	False	0
peptide_9285	HLA-A*02:01	1	FMDSLWEQA	37.38	27.86	NetMHCcons	0.89	0.2204999999999999	MHCflurry	0.0899263028986752	0.7767270111722393	0.3152445652173554	32.967651639443886	0.2204999999999999	4911.97	0.89	27.86	0.93	37.38	0.33	0.357	0.43	32.94	1.1	76.58	1.4	77.7	1.4	-0.942857142857143	-0.02857142857142866	False	False	False	0	False	0
peptide_5378	HLA-A*02:01	1	YFMSAHFEV	37.53	21.72	NetMHCcons	0.743	0.33	NetMHCpan	0.4050289811566472	0.7194191435985449	0.4060597826086933	142.22212557239058	0.7434999999999993	5022.19	1.0	21.72	0.78	37.29	0.33	0.125	1.2	39.6	1.3	35.74	0.7	37.53	0.7	0.45714285714285713	0.5714285714285713	False	False	False	0	False	0
peptide_5954	HLA-A*02:01	1	MLIKSGYNL	37.59	21.53463204139214	MHCflurry	0.38	0.115	MHCflurry	0.2511074217036366	0.9029672893992582	0.1168206521739136	21.53463204139214	0.115	3132.93	0.38	23.18	0.8	37.59	0.34	0.436	0.33	25.69	0.8	59.72	1.2	62.72	1.2	-0.22857142857142865	0.5428571428571427	False	False	False	0	False	0
peptide_3639	HLA-A*02:01	1	CLATYCPTL	40.75	21.14	NetMHCcons	0.78	0.2019999999999999	MHCflurry	0.0116937982966192	0.7377018714515153	0.3787499999999824	30.86039452131053	0.2019999999999999	5601.74	69.14	21.14	0.78	64.94	0.52	0.11	1.3	39.6	1.3	40.75	0.7	44.1	0.8	0.5428571428571428	1.0	True	False	False	2	False	0
peptide_3946	HLA-A*02:01	1	NMGAWWYTL	41.318	20.35	NetMHCcons	0.76	0.2906249999999998	MHCflurry	0.042914833757095	0.7028821064653937	0.4330434782608563	41.31787829000763	0.2906249999999998	4394.83	0.65	20.35	0.76	35.18	0.32	0.0671	1.8	25.41	0.8	67.94	1.3	61.58	1.2	0.19999999999999993	0.19999999999999993	False	False	False	0	True	0
peptide_1071	HLA-A*02:01	1	YTMEDCHRL	42.08	15.2	NetMHCcons	0.58	0.049510869565239	MHCflurry	0.4510575216263532	0.9485120439959642	0.049510869565239	22.085629109176445	0.1195	5385.29	1.71	15.2	0.58	40.16	0.36	0.552	0.23	97.2	3.0	42.08	0.7	45.54	0.8	-0.9285714285714287	-0.9285714285714287	False	False	False	1	False	0
peptide_4487	HLA-A*02:01	1	FLFKNMAAT	42.25	11.83	NetMHCpan	0.89	0.11	NetMHCpan	0.0365941261989064	0.7569429194916789	0.3460869565217166	30.424029785380764	0.1986249999999999	4914.33	0.89	25.14	0.89	11.83	0.11	0.417	0.34	42.25	1.5	79.82	1.4	80.25	1.4	0.02857142857142863	0.8142857142857141	False	False	False	0	False	0
peptide_9006	HLA-A*02:01	1	MTWWIFDSV	42.41	16.39	NetMHCcons	0.7	0.11325	MHCflurry	0.0422337656491436	0.8174768923935731	0.2510054347825985	21.36394675463224	0.11325	5461.32	2.28	16.39	0.61	29.12	0.27	0.0807	1.6	48.11	1.7	44.17	0.8	42.41	0.7	0.7714285714285715	0.7714285714285715	False	False	False	0	False	0
peptide_6695	HLA-A*02:01	1	LMYSTESFL	43.41	26.923825135055345	MHCflurry	0.83	0.167125	MHCflurry	0.0310942830983549	0.7747365268152402	0.3183695652173668	26.923825135055345	0.167125	4802.69	0.83	43.41	1.4	35.75	0.32	0.293	0.56	28.01	0.9	86.52	1.5	86.58	1.5	-0.07142857142857142	-0.07142857142857142	False	False	False	0	False	0
peptide_5389	HLA-A*02:01	1	YMHPMIHVM	44.12	13.45	NetMHCpan	0.26	0.006168478260875	MHCflurry	0.7233071140944958	0.9815287969041728	0.006168478260875	20.00526529989881	0.097	1966.6	0.26	27.11	0.92	13.45	0.13	0.832	0.06	44.12	1.5	81.87	1.4	80.43	1.4	0.6428571428571427	0.6428571428571429	False	False	False	0	False	0
peptide_6303	HLA-A*02:01	1	KLMEWTLSS	44.954	13.1	NetMHCpan	0.53	0.12	NetMHCpan	0.1042188380379229	0.7302796440143199	0.3898369565217194	44.95361057076354	0.3198749999999997	4995.26	0.96	14.24	0.53	13.1	0.12	0.565	0.22	86.29	2.7	47.33	0.8	44.61	0.8	-0.14285714285714293	0.5142857142857142	False	False	False	0	False	0
peptide_957	HLA-A*02:01	1	FLWDEWIHC	45.23	25.49	NetMHCpan	0.7	0.12	NetMHCpanEL	0.1281828755745664	0.7144519582387646	0.4152717391304463	53.20667186350321	0.3729999999999997	5454.31	2.2	30.87	0.99	25.49	0.23	0.726	0.12	45.58	1.6	42.18	0.7	45.23	0.8	-0.7142857142857144	0.32857142857142846	False	True	False	1	False	0
peptide_3284	HLA-A*02:01	1	RMPSKLYLL	45.93	17.97	PickPocket	0.46	0.0225815217391556	MHCflurry	0.6477012149989605	0.9674679167580692	0.0225815217391556	27.60961472957944	0.1715	3711.4	0.4599999999999999	25.14	0.89	49.66	0.42	0.504	0.26	17.97	0.6	45.93	0.8	45.97	0.8	0.5428571428571427	0.5428571428571427	False	False	False	0	False	0
peptide_3619	HLA-A*02:01	1	WIMDRLTTL	48.11	12.71	NetMHCcons	0.12	0.0369565217391425	MHCflurry	0.4474807344377041	0.9577811094082876	0.0369565217391425	17.59392283623738	0.07125	871.91	0.11	12.71	0.47	12.73	0.12	0.764	0.1	48.11	1.7	59.58	1.2	56.03	1.0	0.014285714285714235	0.11428571428571432	False	False	False	0	False	0
peptide_7325	HLA-A*02:01	1	MQMFIHVCV	49.16	14.72	NetMHCpan	0.95	0.14	NetMHCpan	0.1814144032541662	0.7797010729396522	0.3107065217391067	45.1969795431876	0.3198749999999997	5500.79	3.08	16.04	0.6	14.72	0.14	0.168	0.95	49.16	1.7	67.31	1.3	68.93	1.3	2.414285714285714	2.414285714285714	False	False	False	1	False	0
peptide_29	HLA-A*02:01	1	CLYYCFGWV	50.025	14.17	PickPocket	0.7	0.3557499999999997	MHCflurry	0.0002135263707714	0.6281343603000872	0.5636956521738625	50.02532930516899	0.3557499999999997	5650.14	93.91	98.79	2.2	694.88	2.7	0.00179	11.0	14.17	0.4	38.74	0.7	37.1	0.7	0.7999999999999999	1.2285714285714284	True	False	False	2	False	0
peptide_6826	HLA-A*02:01	1	TMQSQMTEV	50.54	24.63928390459568	MHCflurry	0.59	0.14	NetMHCpanEL	0.0489643402397632	0.7997300920531555	0.2793206521738796	24.63928390459568	0.1445	4231.44	0.59	43.65	1.4	50.54	0.43	0.692	0.14	37.92	1.3	89.56	1.5	97.6	1.6	-0.8428571428571431	-0.7714285714285714	False	False	False	0	False	0
peptide_7617	HLA-A*02:01	1	KQMYDLDRV	51.34	26.68	NetMHCcons	0.51	0.0557608695652334	MHCflurry	0.5277408380061388	0.9439895621359558	0.0557608695652334	32.00325245232255	0.2144999999999999	3621.1	0.4499999999999999	26.68	0.92	45.11	0.4	0.318	0.51	51.34	1.7	88.13	1.5	95.81	1.6	-0.4142857142857143	-0.4142857142857143	False	False	False	0	False	0
peptide_9885	HLA-A*02:01	1	ILQEFTDAI	52.46	17.57	NetMHCpan	0.34	0.1075	MHCflurry	0.2277178819058463	0.897882715879231	0.1255163043478404	20.96512076773621	0.1075	2712.54	0.3399999999999999	26.82	0.92	17.57	0.17	0.628	0.18	52.46	1.7	87.92	1.5	80.06	1.4	-0.3000000000000001	-0.014285714285714235	False	False	False	0	False	0
peptide_9398	HLA-A*02:01	1	FLPKYMHKM	53.03	25.116711167277856	MHCflurry	0.53	0.0396467391304469	MHCflurry	0.5288298204541206	0.9553742842899868	0.0396467391304469	25.116711167277856	0.150625	4042.68	0.53	26.53	0.91	30.03	0.27	0.747	0.11	53.03	1.8	58.36	1.1	60.73	1.2	-1.442857142857143	-0.21428571428571433	False	False	False	0	False	0
peptide_1839	HLA-A*02:01	1	TQFNDLMQV	53.61	21.52	NetMHCpan	0.34	0.0717391304347785	MHCflurry	0.3913747817277908	0.9329709450196126	0.0717391304347785	23.71480226263314	0.13775	2780.6	0.3399999999999999	39.81	1.3	21.52	0.19	0.808	0.08	53.61	1.8	165.62	2.4	167.27	2.4	0.3142857142857142	0.3142857142857142	False	False	False	0	False	0
peptide_9874	HLA-A*02:01	1	FMCQFWQRL	55.07	20.75020058492007	MHCflurry	0.81	0.1055	MHCflurry	0.0295780418091453	0.8150075105035799	0.2542934782608625	20.75020058492007	0.1055	5587.03	44.24	41.8	1.3	55.07	0.45	0.196	0.81	25.14	0.8	89.35	1.5	82.31	1.4	-0.4714285714285714	0.2999999999999998	False	False	False	1	False	0
peptide_3086	HLA-A*02:01	1	SLVTDDWHI	55.68	29.742130731721705	MHCflurry	0.64	0.192375	MHCflurry	0.0505730370641686	0.7698509043174753	0.3253532608695622	29.742130731721705	0.192375	4385.65	0.64	55.68	1.6	32.26	0.29	0.513	0.26	43.65	1.5	109.68	1.8	114.66	1.8	-0.44285714285714295	-0.19999999999999998	False	False	False	0	False	0
peptide_1289	HLA-A*02:01	1	WMAKAMSSL	58.45	24.37	NetMHCpan	1.2	0.14725	MHCflurry	0.0256921018008142	0.7854901845930279	0.3009239130434338	24.74899750376788	0.14725	5386.92	1.72	33.48	1.2	24.37	0.21	0.201	0.77	58.45	1.9	118.88	1.9	126.89	2.0	0.5428571428571428	0.5428571428571428	False	False	False	0	False	0
peptide_711	HLA-A*02:01	1	NLIWHKQYV	59.03	28.779696611343585	MHCflurry	0.48	0.1835	MHCflurry	0.1157154741231352	0.8130427946071479	0.2572826086956468	28.779696611343585	0.1835	2314.44	0.29	39.6	1.3	59.03	0.48	0.5	0.26	41.35	1.4	88.74	1.5	88.6	1.5	-0.5857142857142857	-0.5857142857142857	False	False	False	0	True	0
peptide_5733	HLA-A*02:01	1	FLNIIMNCI	59.35	34.4	PickPocket	1.1	0.265271739130398	MHCflurry	0.2052616530563682	0.8087779016089471	0.265271739130398	41.03705264187649	0.2879999999999998	5638.94	92.56	66.2	1.7	42.72	0.38	0.129	1.2	34.4	1.1	63.99	1.2	59.35	1.1	1.5571428571428572	1.5571428571428572	False	False	False	1	False	0
peptide_6621	HLA-A*02:01	1	YRFSFLYYV	61.313	24.6	NetMHCcons	0.8	0.2464402173912816	MHCflurry	0.3378570876084268	0.820716908527562	0.2464402173912816	61.31312980710685	0.4248749999999997	5597.95	63.35	24.6	0.86	91.8	0.68	0.0969	1.4	63.05	2.0	45.51	0.8	40.13	0.7	1.457142857142857	1.457142857142857	False	False	False	0	False	0
peptide_3692	HLA-A*02:01	1	TQMDMIDYL	63.01	13.57	NetMHCcons	0.2	0.0670652173913168	MHCflurry	0.3804039712995291	0.9366598419943064	0.0670652173913168	21.408755003419337	0.11325	1398.78	0.2	13.57	0.48	18.69	0.17	0.595	0.2	81.75	2.6	71.14	1.3	63.01	1.2	0.5428571428571428	0.5428571428571428	False	False	False	0	False	0
peptide_7222	HLA-A*02:01	1	TQWLHVLLV	65.84	25.05	NetMHCpan	0.67	0.0617934782608813	MHCflurry	0.6031554285436869	0.9407618860489008	0.0617934782608813	44.77897554195488	0.3198749999999997	4463.71	0.67	39.17	1.3	25.05	0.22	0.585	0.21	65.84	2.1	88.53	1.5	95.59	1.6	2.242857142857143	2.242857142857143	False	False	False	0	False	0
peptide_7391	HLA-A*02:01	1	SIGHMVFFI	71.02	32.09	NetMHCpan	1.4	0.2427499999999998	MHCflurry	0.0856339894235134	0.7605279792674592	0.3412771739129994	35.64813504735034	0.2427499999999998	5449.74	2.15	43.41	1.4	32.09	0.29	0.104	1.4	71.02	2.3	175.03	2.5	159.01	2.3	1.8	1.8000000000000003	False	False	False	0	False	0
peptide_4259	HLA-A*02:01	1	CQIHAFHAV	72.18	34.85	NetMHCpan	1.8	0.2456249999999998	MHCflurry	0.0553631751681678	0.7385586337015917	0.3769021739130238	36.016424499115786	0.2456249999999998	5570.56	19.09	72.18	1.8	34.85	0.32	0.162	0.97	65.13	2.1	236.11	3.1	266.95	3.4	1.2428571428571427	1.2428571428571427	True	False	False	1	False	0
peptide_4913	HLA-A*02:01	1	LMQYFMFPT	73.36	29.73	NetMHCcons	1.4	0.46	NetMHCpan	0.0004946229164488	0.3880045706174593	1.089130434782433	137.32937154830304	0.7297499999999993	5706.29	97.08	29.73	0.95	56.16	0.46	0.00703	5.9	61.7	2.0	78.18	1.4	73.36	1.4	0.0571428571428571	1.1999999999999997	False	False	False	0	False	0
peptide_4787	HLA-A*02:01	1	VLWFCGNAL	74.03	41.8	PickPocket	1.4	0.4282499999999997	MHCflurry	0.0307093489682301	0.6024313680698479	0.6116576086955803	62.51635977070958	0.4282499999999997	5581.7	34.93	75.38	1.9	76.67	0.59	0.102	1.4	41.8	1.4	73.13	1.3	74.03	1.4	0.8714285714285713	1.214285714285714	False	False	False	1	False	0
peptide_151	HLA-A*02:01	1	IMYTTDGPV	75.06	15.61	PickPocket	1.4	0.2719999999999998	MHCflurry	0.0035502256941981	0.6875974928330342	0.4598913043478063	38.55892099017157	0.2719999999999998	5692.5	96.56	72.97	1.8	166.61	1.2	0.0281	3.0	15.61	0.5	77.47	1.4	75.06	1.4	-0.5714285714285715	-0.02857142857142855	False	False	False	0	False	0
peptide_2470	HLA-A*02:01	1	ILDFNSIWI	75.35	27.81	NetMHCpan	0.76	0.26	NetMHCpan	0.2201495766639709	0.6826532796364786	0.4674999999999443	86.89843759459256	0.5547499999999995	4679.67	0.76	83.54	2.0	27.81	0.26	0.296	0.56	38.75	1.3	75.35	1.4	74.03	1.4	0.4428571428571429	1.1142857142857143	False	False	False	0	False	0
peptide_4833	HLA-A*02:01	1	RLLMQLMAA	75.79	28.31	PickPocket	0.9	0.28	NetMHCpan	0.0370253267756197	0.5908429758008975	0.6333423913042822	67.22257411341802	0.4539999999999997	5362.99	1.62	75.79	1.9	31.28	0.28	0.293	0.56	28.31	0.9	78.18	1.4	80.8	1.4	1.6428571428571428	1.9285714285714288	False	False	False	0	False	0
peptide_8868	HLA-A*02:01	1	CMMQEYNFI	76.2	37.92	PickPocket	1.6	0.3411249999999997	MHCflurry	0.0035071023085038	0.640680393739797	0.5399184782608444	47.88651039684862	0.3411249999999997	5617.33	85.76	57.82	1.6	76.2	0.59	0.0423	2.3	37.92	1.3	145.92	2.2	149.43	2.3	-0.3714285714285713	-0.3714285714285713	True	False	False	1	False	0
peptide_852	HLA-A*02:01	1	TMWVLNRGV	78.36	38.75	PickPocket	1.0	0.3903749999999997	MHCflurry	0.0249066703254356	0.6229451032712802	0.5722554347825621	55.99603281624309	0.3903749999999997	4381.26	0.64	125.34	2.5	73.48	0.57	0.156	1.0	38.75	1.3	78.36	1.4	89.01	1.5	0.41428571428571426	0.41428571428571426	False	False	False	0	False	0
peptide_3646	HLA-A*02:01	1	WMCKAPWLA	78.71	40.56613632596707	MHCflurry	1.7	0.2853749999999998	MHCflurry	0.0021551213067141	0.6758320133818878	0.4788586956521357	40.56613632596707	0.2853749999999998	5594.53	57.58	78.71	2.0	66.5	0.53	0.0442	2.3	65.84	2.1	105.22	1.7	97.82	1.6	0.5	0.5142857142857143	False	False	False	1	False	0
peptide_3997	HLA-A*02:01	1	RQYAYEWAI	80.0	12.34	NetMHCpan	0.5	0.1086413043478415	MHCflurry	0.5430446676909924	0.908203046029992	0.1086413043478415	58.55575412460805	0.4057499999999996	5224.7	1.26	13.79	0.5	12.34	0.11	0.412	0.35	80.0	2.5	121.37	1.9	115.46	1.8	0.15714285714285708	0.15714285714285708	False	False	False	0	False	0
peptide_9687	HLA-A*02:01	1	FQVFALCLI	80.87	42.12855154056092	MHCflurry	2.3	0.2992499999999998	MHCflurry	0.0020101256304769	0.6676244333308704	0.4951086956521635	42.12855154056092	0.2992499999999998	5615.1	84.17999999999999	43.88	1.4	75.28	0.58	0.0223	3.3	80.87	2.5	163.35	2.3	152.56	2.3	3.342857142857143	3.342857142857143	False	False	False	1	False	0
peptide_71	HLA-A*02:01	1	YMGDEFEAM	83.54	29.349748343115763	MHCflurry	1.54	0.1885	MHCflurry	0.0579995310399681	0.7767186560826261	0.3152445652173554	29.349748343115763	0.1885	5338.97	1.54	57.2	1.6	46.96	0.41	0.48	0.28	83.54	2.6	145.92	2.2	138.49	2.1	-0.6285714285714289	-0.6285714285714287	False	False	False	0	False	0
peptide_1626	HLA-A*02:01	1	GMSETGPAI	83.57	32.76324343608586	MHCflurry	1.29	0.2204999999999999	MHCflurry	0.0552627760916948	0.7558557138571623	0.3479619565217149	32.76324343608586	0.2204999999999999	5240.83	1.29	81.31	2.0	83.57	0.64	0.501	0.26	72.58	2.3	234.48	3.1	228.79	3.0	-0.10000000000000002	-0.10000000000000002	False	False	False	0	False	0
peptide_2383	HLA-A*02:01	1	AVWHSTWVL	84.9	59.56199662715552	MHCflurry	0.65	0.3152445652173554	MHCflurry	0.2520912196487188	0.7765906475711272	0.3152445652173554	59.56199662715552	0.4131249999999996	4366.19	0.63	63.05	1.7	84.9	0.65	0.341	0.47	72.58	2.3	113.27	1.8	117.07	1.8	0.21428571428571416	0.27142857142857146	False	False	False	0	False	0
peptide_6868	HLA-A*02:01	1	ILHDPNFDL	85.83	43.22	NetMHCpan	0.38	0.09	NetMHCpanEL	0.4616317776963115	0.9047330752275056	0.1149184782608756	45.402796906767655	0.3233749999999997	1750.5	0.24	85.83	2.1	43.22	0.38	0.786	0.09	60.38	2.0	155.28	2.3	161.97	2.3	-1.2428571428571427	-0.09999999999999996	False	False	False	0	False	0
peptide_7329	HLA-A*02:01	1	LLVWPMINL	87.7	40.9	PickPocket	0.64	0.33	MHCnuggetsI	0.0899199892301112	0.6854574320475825	0.4630163043478035	53.35803757115752	0.3751249999999997	2604.86	0.33	87.7	2.1	83.55	0.64	0.259	0.62	40.9	1.4	134.0	2.1	127.48	2.0	1.1999999999999997	2.242857142857143	False	False	False	0	False	0
peptide_325	HLA-A*02:01	1	VLHLCFFMA	88.8	61.04	PickPocket	1.5	0.4934999999999996	MHCflurry	0.0027583050541579	0.5356578002060446	0.7455978260868363	74.76822930925597	0.4934999999999996	5592.49	54.06999999999999	221.2	3.1	218.64	1.4	0.0154	4.0	61.04	2.0	86.92	1.5	88.8	1.5	1.7714285714285716	2.3857142857142857	False	False	False	1	False	0
peptide_7874	HLA-A*02:01	1	YVDDALHEM	91.08	29.364309415742287	MHCflurry	0.51	0.0052445652173958	MHCflurry	0.837087832391262	0.9820610481843732	0.0052445652173958	29.364309415742287	0.1885	3926.67	0.51	34.03	1.2	36.44	0.33	0.912	0.03	137.41	3.8	92.49	1.5	91.08	1.5	-0.8857142857142859	-0.24285714285714288	False	False	False	0	False	0
peptide_6616	HLA-A*02:01	1	MFYFCAWEV	91.09	49.16	PickPocket	1.7	1.2	SMM	0.004040715364681	0.130775872441494	2.437581521739034	611.6303391111351	1.443999999999999	5519.56	3.82	91.09	2.1	245.76	1.5	0.00757	5.7	49.16	1.7	65.18	1.2	60.32	1.2	0.7999999999999999	1.3714285714285714	False	False	False	1	False	0
peptide_4732	HLA-A*02:01	1	YLEACPALA	92.0	81.75	NetMHCcons	1.5	0.5714999999999996	MHCflurry	0.0077763549343217	0.493331496968223	0.8360597826086007	90.6694786548345	0.5714999999999996	5502.59	3.1300000000000003	81.75	2.0	92.0	0.68	0.0963	1.4	146.63	4.1	95.96	1.6	85.99	1.5	0.9428571428571428	1.2285714285714284	False	False	False	1	False	0
peptide_4650	HLA-A*02:01	1	HLIHWMFYF	96.15	63.74	PickPocket	1.4	0.9356793478259532	MHCflurry	0.2353796302340924	0.4485173492131907	0.9356793478259532	250.0236379373328	0.9916249999999992	5184.04	1.1900000000000002	96.15	2.2	464.29	2.2	0.0462	2.2	63.74	2.0	84.74	1.4	69.09	1.3	0.9428571428571428	1.0857142857142856	False	False	False	0	False	0
peptide_6360	HLA-A*02:01	1	TLMHIIHPC	97.2	53.25	NetMHCpan	1.8	0.44	NetMHCpan	0.0300953194964677	0.5960627191452659	0.6232880434781833	64.10316255633175	0.4404999999999997	5716.31	97.41	91.58	2.1	53.25	0.44	0.342	0.47	97.2	3.0	114.32	1.8	134.41	2.1	0.7714285714285712	1.0857142857142859	False	True	False	1	False	0
peptide_5488	HLA-A*02:01	1	FTLENLYWT	102.2	29.25	NetMHCcons	1.43	0.41	NetMHCpan	0.0055773656931705	0.4652223162831112	0.8991032608694383	101.00739059122208	0.6123749999999996	5300.22	1.43	29.25	0.95	47.44	0.41	0.0844	1.5	108.31	3.2	111.71	1.8	102.2	1.6	-0.3285714285714287	0.1999999999999999	False	False	False	0	False	0
peptide_5555	HLA-A*02:01	1	ELMEWFRHL	102.64	37.42182046168634	MHCflurry	0.77	0.0745380434782561	MHCflurry	0.5116839520633221	0.9318734550265662	0.0745380434782561	37.42182046168634	0.2602499999999998	4659.14	0.76	115.57	2.4	102.64	0.77	0.491	0.27	58.45	1.9	115.11	1.8	101.96	1.6	-0.5142857142857143	-0.5142857142857143	True	False	False	0	False	0
peptide_4282	HLA-A*02:01	1	NQVLWNYTV	108.31	44.12	NetMHCcons	0.96	0.2481521739130414	MHCflurry	0.3500142926350236	0.819067474135886	0.2481521739130414	64.83046361134231	0.4444999999999997	4990.66	0.96	44.12	1.4	50.71	0.43	0.171	0.92	108.31	3.2	210.43	2.9	207.22	2.8	0.8285714285714285	0.8285714285714285	False	False	False	0	True	0
peptide_588	HLA-A*02:01	1	KLSPKEMNL	108.89	65.46688449339898	MHCflurry	0.8	0.04	NetMHCpanEL	0.3123193122446537	0.7969247392538226	0.2824728260869165	65.46688449339898	0.4474999999999997	2657.14	0.33	108.89	2.3	107.21	0.8	0.887	0.04	80.0	2.5	246.1	3.2	263.29	3.3	-1.0857142857142859	-1.0857142857142856	False	False	False	0	False	0
peptide_6023	HLA-A*02:01	1	ILFDGYFCF	109.42	75.79	PickPocket	1.6	0.72	NetMHCpanEL	0.2178705437108874	0.5271331489182195	0.7638043478259533	169.5551013002712	0.8181249999999991	5663.94	95.04	81.75	2.0	109.6	0.81	0.223	0.72	75.79	2.4	109.42	1.8	93.63	1.6	0.8142857142857142	1.242857142857143	False	False	False	1	False	0
peptide_9962	HLA-A*02:01	1	QMDPCTHKL	110.68	30.151938948808464	MHCflurry	1.38	0.06	NetMHCpanEL	0.3219392355531454	0.8960704370038203	0.1272282608696002	30.151938948808464	0.1959999999999999	5280.02	1.38	110.68	2.3	90.77	0.68	0.846	0.06	61.04	2.0	128.56	2.0	146.36	2.2	-0.942857142857143	-0.942857142857143	True	False	False	1	False	0
peptide_2696	HLA-A*02:01	1	FIDHDCMMI	110.68	54.6	NetMHCpan	1.8	0.4409239130434628	MHCflurry	0.2527062385343015	0.6977499157193947	0.4409239130434628	90.97916484542642	0.5714999999999996	5603.35	71.44	94.61	2.2	54.6	0.45	0.175	0.91	110.68	3.3	117.79	1.8	123.72	1.9	0.08571428571428585	0.21428571428571422	False	False	False	1	False	0
peptide_9595	HLA-A*02:01	1	KIHGSVCLV	110.83	43.53623924852215	MHCflurry	2.0	0.3096249999999997	MHCflurry	0.0842096038395538	0.7223936697015221	0.401766304347845	43.53623924852215	0.3096249999999997	5519.94	3.84	89.14	2.1	110.83	0.81	0.253	0.64	62.37	2.0	204.23	2.8	199.26	2.7	1.4714285714285715	1.5142857142857142	False	False	False	1	False	0
peptide_2378	HLA-A*02:01	1	NIYWTKFHV	112.69	49.7	PickPocket	0.95	0.3899999999999999	MHCnuggetsI	0.1372126122005283	0.6903479555861326	0.4548369565217172	61.91951832774299	0.4248749999999997	3163.71	0.3899999999999999	78.29	2.0	112.69	0.82	0.168	0.95	49.7	1.7	211.4	2.9	207.22	2.8	-0.4285714285714287	-0.38571428571428573	False	False	False	0	True	0
peptide_7892	HLA-A*02:01	1	IIYFYVNGL	114.25	48.63	PickPocket	1.3	0.83	NetMHCpan	0.1204349824693054	0.4292520992392759	0.984076086956378	178.29155191253477	0.8436249999999991	5205.76	1.22	84.45	2.1	114.25	0.83	0.116	1.3	48.63	1.7	121.37	1.9	109.0	1.8	0.6142857142857142	1.4142857142857141	False	False	False	0	False	0
peptide_1799	HLA-A*02:01	1	KMDMNSFMM	114.84	25.9	NetMHCpan	1.6	0.23	NetMHCpan	0.045787289738655	0.3570382964021054	1.1763315217390158	185.63876651170224	0.8621249999999991	5607.29	76.53999999999999	62.04	1.6	25.9	0.23	0.268	0.61	48.11	1.7	114.84	1.8	126.31	2.0	0.10000000000000002	0.10000000000000002	False	False	False	0	False	0
peptide_6788	HLA-A*02:01	1	YNLDWPFDV	117.52	68.57673564780939	MHCflurry	2.7	0.4612499999999997	MHCflurry	0.0865364884957671	0.6279086463893029	0.5636956521738625	68.57673564780939	0.4612499999999997	5514.09	3.56	377.91	3.8	689.88	2.7	0.0319	2.7	93.08	2.9	117.52	1.8	89.42	1.5	0.1857142857142857	0.1857142857142857	False	False	False	0	False	0
peptide_4831	HLA-A*02:01	1	LMRPVTVMV	118.69	31.492602182511465	MHCflurry	0.92	0.058288043478285	MHCflurry	0.51774069853127	0.942935697654162	0.058288043478285	31.492602182511465	0.2082499999999999	3206.61	0.3899999999999999	117.46	2.4	131.74	0.92	0.342	0.47	66.56	2.1	118.88	1.9	118.69	1.9	1.1	1.1	False	False	False	0	False	0
peptide_9230	HLA-A*02:01	1	STPDYVQPV	118.69	35.5476620240073	MHCflurry	1.5	0.2427499999999998	MHCflurry	0.0935497963801026	0.7660831591308761	0.3317663043477949	35.5476620240073	0.2427499999999998	5595.57	59.37	49.97	1.5	86.27	0.65	0.474	0.28	148.23	4.1	127.09	2.0	118.69	1.9	-0.44285714285714267	-0.44285714285714267	False	False	False	0	False	0
peptide_3142	HLA-A*02:01	1	AMHSTLNAI	123.67	51.8489433382478	MHCflurry	0.95	0.3479619565217149	MHCflurry	0.1822332702577114	0.7564753002369011	0.3479619565217149	51.8489433382478	0.3653749999999997	4985.33	0.95	107.14	2.3	123.67	0.88	0.259	0.62	70.26	2.2	309.82	3.7	312.2	3.7	0.27142857142857135	0.27142857142857135	False	False	False	0	False	0
peptide_6677	HLA-A*02:01	1	TQWPVPPPI	125.06	38.69099396837249	MHCflurry	0.7	0.2	NetMHCpanEL	0.0430906660913024	0.7161591980655265	0.4113315217391147	38.69099396837249	0.2719999999999998	4539.93	0.7000000000000001	51.89	1.5	67.44	0.54	0.593	0.2	143.49	4.0	125.06	2.0	125.73	2.0	0.19999999999999998	0.19999999999999998	False	False	False	0	False	0
peptide_7819	HLA-A*02:01	1	KMFHYYWWP	125.34	48.11	PickPocket	2.16	1.5	NetMHCpan	0.0746571512136142	0.066384372771697	3.996902173913	1711.1780263615217	2.1605	5813.31	99.19	125.34	2.5	240.96	1.5	0.0131	4.4	48.11	1.7	107.67	1.8	107.75	1.8	-0.9142857142857144	-0.4142857142857144	False	False	True	0	False	0
peptide_4814	HLA-A*02:01	1	YMAIPWDRL	127.39	43.26983284470652	MHCflurry	0.96	0.1624999999999943	MHCflurry	0.3595824409276247	0.8739817878116685	0.1624999999999943	43.26983284470652	0.3063749999999998	4990.73	0.96	127.39	2.5	97.87	0.73	0.204	0.77	44.6	1.5	187.98	2.6	210.59	2.9	-0.05714285714285732	0.12857142857142861	False	False	False	0	False	0
peptide_5915	HLA-A*02:01	1	ELWWHWIIV	128.78	24.6	PickPocket	1.4	0.8	PickPocket	0.2066578455269336	0.41701689511281	1.0140489130433394	257.00392057802594	1.0079999999999991	5478.15	2.53	128.78	2.5	537.95	2.4	0.0353	2.6	24.6	0.8	78.0	1.4	68.77	1.3	1.042857142857143	1.042857142857143	True	False	False	0	False	0
peptide_3160	HLA-A*02:01	1	KTDDWVCWL	130.119	69.88	NetMHCcons	1.4	0.1871739130434804	MHCflurry	0.6237758565694094	0.8583834222444109	0.1871739130434804	130.11928793982142	0.7064999999999994	5631.4	91.22	69.88	1.8	220.55	1.4	0.138	1.1	143.49	4.0	91.65	1.5	79.51	1.4	0.24285714285714283	0.24285714285714283	False	False	False	1	False	0
peptide_7301	HLA-A*02:01	1	VLFQRPIMA	130.88	44.91099373547176	MHCflurry	0.61	0.0214130434782759	MHCflurry	0.7891717627644539	0.9683365054787414	0.0214130434782759	44.91099373547176	0.3198749999999997	3590.83	0.4499999999999999	130.88	2.5	80.22	0.61	0.754	0.1	76.61	2.4	174.22	2.5	180.48	2.5	0.1999999999999999	0.8142857142857144	False	False	False	0	False	0
peptide_6973	HLA-A*02:01	1	NMMQFSREI	131.69	52.902869835157055	MHCflurry	1.1	0.3729999999999997	MHCflurry	0.0625789212062954	0.6660897911772006	0.496684782608682	52.902869835157055	0.3729999999999997	5006.97	0.98	117.46	2.4	131.69	0.92	0.141	1.1	69.5	2.2	144.58	2.2	155.04	2.3	-0.44285714285714295	-0.44285714285714295	False	False	False	0	True	0
peptide_8964	HLA-A*02:01	1	FLSHCVMAC	131.96	115.37	SMM	1.9	0.6691249999999994	MHCflurry	0.0022229327805689	0.4241941604784086	0.9970652173911532	118.40625585786258	0.6691249999999994	5629.66	90.81	137.41	2.5	125.16	0.88	0.0603	1.9	178.16	4.7	115.37	1.8	131.96	2.0	1.2714285714285711	1.6	False	True	False	2	False	0
peptide_729	HLA-A*02:01	1	IIYNNGMWV	133.03	37.51	PickPocket	1.3	0.4	NetMHCpan	0.0154243353754282	0.5032510418284418	0.8149184782607364	89.49906660346664	0.5633749999999995	5427.2	1.95	133.03	2.5	45.3	0.4	0.248	0.65	37.51	1.3	182.02	2.6	166.89	2.4	-0.5000000000000001	0.31428571428571433	False	False	False	0	False	0
peptide_2377	HLA-A*02:01	1	YLCRDWCPM	133.03	53.61	PickPocket	2.3	0.5591249999999995	MHCflurry	0.0004840954970859	0.4948662968646951	0.8317119565216444	87.73648054250938	0.5591249999999995	5607.24	76.49000000000001	133.03	2.5	130.67	0.91	0.0103	4.9	53.61	1.8	169.87	2.4	149.77	2.3	-0.5142857142857143	-0.19999999999999998	False	False	False	2	False	0
peptide_575	HLA-A*02:01	1	FVPWIQQSV	133.48	31.00958822878302	MHCflurry	0.72	0.1546739130434815	MHCflurry	0.2814429253339767	0.8790836085137683	0.1546739130434815	31.00958822878302	0.2039999999999999	4580.41	0.72	73.76	1.9	74.55	0.58	0.492	0.26	135.94	3.8	141.62	2.2	133.48	2.1	-0.2285714285714285	0.2857142857142857	False	False	False	0	False	0
peptide_2991	HLA-A*02:01	1	MLHCFFSGM	136.2	31.045171719566795	MHCflurry	2.4	0.2039999999999999	MHCflurry	0.0068467258897726	0.7332372826488304	0.3850815217391243	31.045171719566795	0.2039999999999999	5601.78	69.19999999999999	118.74	2.4	136.2	0.94	0.00824	5.4	115.57	3.4	187.12	2.6	172.75	2.4	0.7999999999999999	1.3999999999999997	False	False	False	1	False	0
peptide_8920	HLA-A*02:01	1	YQYAWLNGT	141.95	38.12	NetMHCcons	1.3	0.4444999999999997	MHCflurry	0.0659030576935038	0.622556029717667	0.5741032608695065	65.1253642555356	0.4444999999999997	5544.11	6.02	38.12	1.3	58.48	0.47	0.112	1.3	141.95	3.9	215.33	2.9	200.65	2.7	-0.17142857142857146	-0.17142857142857146	False	False	False	0	False	0
peptide_5008	HLA-A*02:01	1	VVCNWHIFV	146.03	52.46264393088487	MHCflurry	2.2	0.3689999999999997	MHCflurry	0.1152224957477301	0.7078425845059607	0.4245652173912759	52.46264393088487	0.3689999999999997	5488.15	2.74	137.41	2.5	207.97	1.4	0.0716	1.7	71.79	2.3	171.04	2.4	146.03	2.2	0.9142857142857144	1.1142857142857143	False	False	False	1	False	0
peptide_9871	HLA-A*02:01	1	HMQPDQFCL	147.61	51.34	PickPocket	1.7	0.3	NetMHCpanEL	0.1721624843776226	0.5230865312135708	0.7725815217389993	145.96889837612892	0.7574999999999992	5474.2	2.47	160.76	2.6	172.81	1.2	0.458	0.3	51.34	1.7	147.61	2.3	141.72	2.2	-0.4285714285714287	-0.4285714285714287	False	False	False	1	False	0
peptide_6248	HLA-A*02:01	1	KQIWMWCGI	150.154	83.54	NetMHCcons	4.1	0.7667499999999992	MHCflurry	0.0110323421249631	0.3763326704378362	1.1225271739129	150.1536978065665	0.7667499999999992	5612.36	81.88	83.54	2.0	141.28	0.96	0.00659	6.1	146.63	4.1	448.86	4.5	375.34	4.1	1.5999999999999999	1.5999999999999999	False	False	False	1	False	0
peptide_7166	HLA-A*02:01	1	FLPFMLTTT	150.65	53.17880633635953	MHCflurry	2.05	0.3729999999999997	MHCflurry	0.046401524945395	0.652095116986314	0.5213315217390857	53.17880633635953	0.3729999999999997	5439.57	2.0500000000000003	150.65	2.6	115.73	0.84	0.141	1.1	91.09	2.8	188.41	2.6	182.57	2.6	0.6857142857142856	1.8285714285714287	False	False	False	0	False	0
peptide_6381	HLA-A*02:01	1	KQCTCSFEL	151.74	84.87299160274198	MHCflurry	2.3	0.5449999999999995	MHCflurry	0.0417332985671237	0.5393287864359524	0.7398913043477222	84.87299160274198	0.5449999999999995	5612.65	82.15	163.39	2.7	343.6	1.9	0.0353	2.6	128.78	3.7	151.74	2.3	146.7	2.2	0.9428571428571428	0.9428571428571428	False	False	False	2	False	0
peptide_1945	HLA-A*02:01	1	MCWGEIYGV	152.21	80.0	PickPocket	2.0	0.5167499999999995	MHCflurry	0.0169331474753562	0.5308896707492663	0.7554076086955206	80.29818731496658	0.5167499999999995	5528.62	4.35	80.87	2.0	206.99	1.4	0.12	1.3	80.0	2.5	155.64	2.3	152.21	2.3	0.31428571428571433	0.4000000000000001	False	False	False	1	False	0
peptide_7566	HLA-A*02:01	1	YLRAYEHTA	153.12	108.78381685397224	MHCflurry	1.2	0.3973641304347808	MHCflurry	0.3397910832427442	0.7253409821998944	0.3973641304347808	108.78381685397224	0.6371249999999995	3649.08	0.4599999999999999	170.61	2.7	173.63	1.2	0.273	0.6	153.12	4.2	119.43	1.9	123.43	1.9	-1.3714285714285712	-1.0857142857142859	False	False	False	0	False	0
peptide_4571	HLA-A*02:01	1	FLKQFHWLM	154.66	63.191093793289006	MHCflurry	2.5	0.4323749999999997	MHCflurry	0.0218857817089883	0.5924154290919357	0.6313586956520965	63.191093793289006	0.4323749999999997	5591.39	52.12	138.16	2.5	154.66	1.2	0.176	0.91	145.05	4.0	176.24	2.5	185.11	2.6	-0.42857142857142877	-0.15714285714285722	False	False	False	0	False	0
peptide_4329	HLA-A*02:01	1	TLSDRVAKL	166.38	28.333370319464787	MHCflurry	1.3	0.0214130434782759	MHCflurry	0.6685864105820656	0.9689680727677435	0.0214130434782759	28.333370319464787	0.177125	997.45	0.1399999999999999	83.54	2.0	185.59	1.3	0.801	0.08	92.08	2.9	166.38	2.4	172.75	2.4	-0.4142857142857145	0.042857142857142864	False	False	False	0	False	0
peptide_2749	HLA-A*02:01	1	FFIWRIWGA	167.54	116.83	PickPocket	2.4	1.0	NetMHCpan	0.4677963024005294	0.2863880006556727	1.41483695652164	1206.268374179132	1.8836249999999992	5515.08	3.6	207.3	3.0	150.85	1.0	0.0236	3.3	116.83	3.4	167.54	2.4	149.77	2.3	0.5857142857142857	1.1857142857142855	False	False	False	0	False	0
peptide_2934	HLA-A*02:01	1	MLWQFMPKS	167.66	85.36	PickPocket	2.3	0.8346249999999991	MHCflurry	0.0435141770285554	0.3701794712462629	1.1393749999998448	173.6519100101902	0.8346249999999991	5822.71	99.27	191.14	2.9	165.8	1.2	0.106	1.3	85.36	2.7	156.35	2.3	167.66	2.4	-0.8571428571428573	0.6285714285714283	False	False	False	0	False	0
peptide_1170	HLA-A*02:01	1	QMIEEMVFT	170.61	61.97633632082093	MHCflurry	0.85	0.4282499999999997	MHCflurry	0.0118568559701088	0.5883941230214687	0.6392391304347029	61.97633632082093	0.4282499999999997	4837.72	0.8500000000000001	170.61	2.7	79.88	0.61	0.244	0.66	128.78	3.7	319.23	3.7	302.29	3.7	0.8142857142857143	1.1857142857142857	True	False	False	0	False	0
peptide_1768	HLA-A*02:01	1	SMAAWSNDI	170.65	58.45	PickPocket	2.4	0.4978749999999996	MHCflurry	0.031814067158848	0.5584974624017206	0.6995923913042361	75.58942993577232	0.4978749999999996	5597.36	62.38	119.38	2.4	198.68	1.4	0.0401	2.4	58.45	1.9	170.65	2.4	175.16	2.5	-0.08571428571428566	-0.07142857142857142	False	False	False	0	False	0
peptide_1733	HLA-A*02:01	1	VLHRIPLIV	171.96	67.72838340045486	MHCflurry	1.6	0.1497554347826195	MHCflurry	0.505337055772543	0.8825826037654343	0.1497554347826195	67.72838340045486	0.4567499999999997	3364.86	0.42	217.64	3.1	278.89	1.6	0.412	0.35	105.99	3.2	155.99	2.3	171.96	2.4	1.0999999999999999	1.0999999999999999	False	False	False	0	False	0
peptide_4912	HLA-A*02:01	1	AVTFHIWEI	172.47	56.35084011788353	MHCflurry	1.04	0.1761413043477944	MHCflurry	0.4097089548595249	0.8649950726059333	0.1761413043477944	56.35084011788353	0.3939999999999996	5059.98	1.04	122.66	2.4	109.19	0.8	0.3	0.55	172.47	4.6	280.61	3.5	261.47	3.3	0.49999999999999994	1.214285714285714	False	False	False	0	False	0
peptide_3544	HLA-A*02:01	1	MLWNFIVHP	172.51	39.17	PickPocket	1.2	0.3027989130434463	MHCflurry	0.6219510268419981	0.7842847321180615	0.3027989130434463	218.76392015189177	0.932499999999999	4498.31	0.6799999999999999	375.87	3.8	172.51	1.2	0.177	0.91	39.17	1.3	116.98	1.8	113.88	1.8	0.32857142857142846	1.828571428571428	False	False	True	0	False	0
peptide_4742	HLA-A*02:01	1	VLFSKNQEM	173.52	104.83612940174888	MHCflurry	1.2	0.15	NetMHCpanEL	0.1470831804908812	0.5805888610809907	0.6534782608694769	104.83612940174888	0.6257499999999995	4700.26	0.7799999999999999	162.5	2.7	173.52	1.2	0.671	0.15	159.89	4.4	310.53	3.7	320.94	3.8	-1.5	-0.12857142857142861	False	False	False	0	False	0
peptide_4607	HLA-A*02:01	1	VSLWCPWHV	176.24	112.67711910807888	MHCflurry	2.3	0.6524999999999995	MHCflurry	0.0710318002966232	0.4965125256749462	0.8271195652172736	112.67711910807888	0.6524999999999995	5563.41	12.83	218.82	3.1	217.32	1.4	0.024	3.2	176.24	4.7	148.97	2.3	131.65	2.0	0.5571428571428572	0.9000000000000001	False	False	False	1	False	0
peptide_1234	HLA-A*02:01	1	MLCIDYPVI	176.65	62.37	PickPocket	2.4	0.5403749999999995	MHCflurry	0.0091918834295938	0.5126226742143358	0.7944565217389936	84.17716821854142	0.5403749999999995	5627.63	90.27	418.82	3.9	264.26	1.6	0.0198	3.5	62.37	2.0	176.65	2.5	167.66	2.4	1.3285714285714287	1.3285714285714287	False	False	False	1	False	0
peptide_1898	HLA-A*02:01	1	YQNGNYIFA	177.2	76.28387832008082	MHCflurry	0.99	0.401766304347845	MHCflurry	0.2375122467055916	0.7219128567442319	0.401766304347845	76.28387832008082	0.5007499999999996	4661.04	0.76	177.2	2.8	90.26	0.68	0.157	0.99	170.61	4.6	296.56	3.6	292.7	3.6	0.057142857142856975	0.057142857142856975	False	False	False	0	False	0
peptide_2571	HLA-A*02:01	1	LMNCDTMGM	178.16	110.68	PickPocket	3.2	0.7522499999999992	MHCflurry	0.0031140937517193	0.378832095700963	1.1142119565216009	144.29625339664318	0.7522499999999992	5586.95	44.09	178.16	2.8	152.93	1.1	0.0176	3.8	110.68	3.3	275.49	3.4	245.71	3.2	-0.2571428571428572	0.3428571428571428	False	False	False	1	False	0
peptide_9096	HLA-A*02:01	1	TLVDDMWPF	179.12	141.2173777259701	MHCflurry	2.4	0.7434999999999993	MHCflurry	0.0524669480219017	0.4258163132828811	0.9913315217389992	141.2173777259701	0.7434999999999993	5753.09	98.31	179.12	2.9	213.07	1.4	0.077	1.6	165.16	4.5	196.84	2.7	171.17	2.4	-0.08571428571428573	0.1857142857142857	False	False	False	0	False	0
peptide_4841	HLA-A*02:01	1	RIMAATAPM	180.1	62.59	NetMHCpan	2.3	0.5	NetMHCpan	0.0408027687808498	0.4257643471741608	0.9913315217389992	135.3728371125995	0.7239999999999993	5641.91	92.97	98.26	2.2	62.59	0.5	0.0439	2.3	180.1	4.7	271.71	3.4	252.02	3.3	0.9857142857142858	1.3571428571428577	False	False	False	0	False	0
peptide_65	HLA-A*02:01	1	MLKRGVTCV	182.15	64.43	PickPocket	2.1	0.449130434782603	MHCflurry	0.3027788279578089	0.6936580417754706	0.449130434782603	111.37663451715012	0.6493749999999995	5459.56	2.26	192.18	2.9	322.66	1.8	0.183	0.87	64.43	2.1	177.87	2.5	182.15	2.6	0.19999999999999993	0.19999999999999993	False	False	False	1	False	0
peptide_1472	HLA-A*02:01	1	HIFKNLPAL	183.04	37.55203526367325	MHCflurry	0.89	0.1464673913043555	MHCflurry	0.3494618227705359	0.88477973722216	0.1464673913043555	37.55203526367325	0.2602499999999998	2489.07	0.31	183.04	2.9	125.62	0.89	0.6	0.2	59.09	1.9	350.84	4.0	337.62	3.9	0.4571428571428572	0.557142857142857	False	False	False	0	False	0
peptide_833	HLA-A*02:01	1	CLQCMSPML	188.882	54.19	PickPocket	2.3	0.7	NetMHCpan	0.0006431231013266	0.3176069568090377	1.3033967391303634	188.8819015250797	0.8666249999999991	5612.44	81.96	113.1	2.3	93.77	0.7	0.0363	2.6	54.19	1.8	231.8	3.0	226.69	3.0	0.5999999999999999	0.6857142857142856	True	False	False	2	False	0
peptide_7590	HLA-A*02:01	1	HLYMCHIFM	190.11	75.79	PickPocket	2.4	1.368374999999999	MHCflurry	0.0089492918632458	0.1492379917391667	2.231603260869477	531.6332169898337	1.368374999999999	5691.02	96.5	190.11	2.9	258.92	1.6	0.0382	2.5	75.79	2.4	172.63	2.4	165.36	2.3	1.3	1.5714285714285714	False	False	False	1	False	0
peptide_9456	HLA-A*02:01	1	ALQARCYMA	190.73	82.64	PickPocket	2.6	1.0419999999999991	MHCflurry	0.0938819979783147	0.3076503660944957	1.33812499999992	278.2290392280565	1.0419999999999991	5627.91	90.35	180.1	2.9	605.65	2.5	0.0396	2.4	82.64	2.6	182.86	2.6	190.73	2.7	-0.18571428571428572	0.09999999999999994	False	False	False	1	False	0
peptide_3081	HLA-A*02:01	1	SLYKGSQCI	192.18	55.98	PickPocket	1.8	0.1641032608695667	MHCflurry	0.4398670038208365	0.8733103119586234	0.1641032608695667	58.33209214882962	0.4057499999999996	5461.36	2.28	192.18	2.9	158.67	1.2	0.533	0.24	55.98	1.8	218.83	2.9	224.09	3.0	-0.4142857142857143	-0.4142857142857143	False	False	False	1	False	0
peptide_4770	HLA-A*02:01	1	ITFSVYYPA	193.83	48.9	NetMHCcons	2.7	0.85	NetMHCpan	0.0053894354205112	0.3100225588625868	1.330624999999927	199.27219902134365	0.8909999999999991	5646.93	93.57	48.9	1.4	117.98	0.85	0.0186	3.6	161.63	4.4	203.76	2.8	193.83	2.7	0.5428571428571429	1.0571428571428572	False	False	False	0	False	0
peptide_1500	HLA-A*02:01	1	NMDPGYTYA	194.14	65.43772528485378	MHCflurry	1.3	0.4474999999999997	MHCflurry	0.0885377206723205	0.6401114949049928	0.5419293478260414	65.43772528485378	0.4474999999999997	4585.55	0.72	133.03	2.5	194.98	1.3	0.337	0.48	75.79	2.4	194.14	2.7	198.35	2.7	-1.0000000000000002	-0.9857142857142858	False	False	False	0	True	0
peptide_3399	HLA-A*02:01	1	TAFFYVCAV	194.27	150.7	NetMHCpan	3.0	0.8392499999999989	MHCflurry	0.1771460250020027	0.4823339963622147	0.860706521739047	175.82013380055457	0.8392499999999989	5584.95	40.52	153.12	2.6	150.7	1.0	0.0206	3.5	194.27	4.9	250.1	3.2	223.06	3.0	2.4285714285714284	2.4285714285714284	False	False	False	1	False	0
peptide_7220	HLA-A*02:01	1	IVNALQITV	195.32	147.23	NetMHCpan	0.99	0.27	NetMHCpanEL	0.3764448286965489	0.662597210359588	0.5038043478260334	168.65084896118708	0.8181249999999991	2997.64	0.37	195.32	2.9	147.23	0.99	0.488	0.27	165.16	4.5	290.48	3.6	278.25	3.5	0.9428571428571428	1.6857142857142855	False	False	False	0	False	0
peptide_4972	HLA-A*02:01	1	DLWDNWLHI	197.75	60.38	PickPocket	2.6	0.8717499999999991	MHCflurry	0.1494499668478965	0.4387923117633648	0.9595108695650936	190.39915830164068	0.8717499999999991	5604.68	73.26	608.33	4.5	686.81	2.7	0.15	1.1	60.38	2.0	197.75	2.7	185.96	2.6	-0.5285714285714287	-0.5285714285714287	False	False	False	0	False	0
peptide_7911	HLA-A*02:01	1	GVAGACYPL	198.35	92.66905351778556	MHCflurry	2.7	0.5788749999999996	MHCflurry	0.0239231727318838	0.5023162438173567	0.8169021739129221	92.66905351778556	0.5788749999999996	5647.87	93.67	142.72	2.6	233.01	1.5	0.0314	2.8	146.63	4.1	201.89	2.8	198.35	2.7	0.9428571428571428	1.1714285714285713	False	False	False	1	False	0
peptide_5367	HLA-A*02:01	1	YLPELTCYG	200.68	130.18	PickPocket	2.6	1.0563749999999992	MHCflurry	0.0237982401740737	0.2517994427610122	1.5613858695651146	286.9400867419419	1.0563749999999992	5799.97	99.03	200.68	3.0	332.54	1.8	0.0228	3.3	130.18	3.7	186.26	2.6	165.36	2.3	-0.1714285714285714	0.42857142857142855	False	False	False	1	False	0
peptide_1683	HLA-A*02:01	1	KLWLFYWQC	203.96	89.14	PickPocket	2.1	0.9662499999999988	MHCflurry	0.0057128481130348	0.2752825519782573	1.4566304347825252	237.1691104390103	0.9662499999999988	5816.11	99.21	203.96	3.0	546.06	2.4	0.0832	1.6	89.14	2.8	113.27	1.8	138.49	2.1	0.3571428571428571	0.5428571428571427	False	True	False	1	False	0
peptide_4372	HLA-A*02:01	1	SVVMWCWLA	203.96	171.57	SMMPMBEC	2.5	1.1686249999999991	MHCflurry	0.0126099206063372	0.2059851965264356	1.8016032608694983	360.1265090271866	1.1686249999999991	5599.31	65.48	203.96	3.0	411.65	2.0	0.00762	5.7	178.16	4.7	181.18	2.5	171.57	2.4	1.7714285714285711	2.1142857142857143	False	False	False	1	False	0
peptide_4467	HLA-A*02:01	1	CLLEPEAVL	204.912	50.78	PickPocket	1.7	0.35	NetMHCpanEL	0.0123147902195341	0.3094657185158487	1.330624999999927	204.91154984753487	0.9034999999999992	5608.58	78.01	183.04	2.9	108.02	0.8	0.411	0.35	50.78	1.7	274.86	3.4	296.78	3.6	0.7142857142857142	0.7142857142857143	True	False	False	1	False	0
peptide_4027	HLA-A*02:01	1	SAWSTTVAV	205.07	46.76889021645655	MHCflurry	1.41	0.3341249999999997	MHCflurry	0.0564641123637557	0.6875362973715758	0.4598913043478063	46.76889021645655	0.3341249999999997	5293.52	1.41	149.03	2.6	155.59	1.2	0.282	0.58	205.07	5.2	267.37	3.4	273.17	3.4	1.0142857142857142	1.0142857142857142	False	False	False	0	False	0
peptide_8520	HLA-A*02:01	1	WAMWFLNSL	205.17	127.19244694068236	MHCflurry	2.8	0.6994999999999993	MHCflurry	0.0733877833699807	0.4692095161144968	0.8910054347824996	127.19244694068236	0.6994999999999993	5598.57	64.32	190.11	2.9	510.9	2.3	0.00812	5.5	414.31	8.0	205.17	2.8	180.48	2.5	1.0142857142857142	1.0142857142857142	False	False	False	0	False	0
peptide_7955	HLA-A*02:01	1	KTWSECNLV	206.06	104.28	NetMHCcons	2.3	0.8086249999999992	MHCflurry	0.119522200198844	0.4461345787956491	0.9431521739129208	165.58257863811312	0.8086249999999992	5642.01	92.99	104.28	2.3	206.06	1.4	0.132	1.2	127.39	3.6	206.59	2.8	224.09	3.0	0.2571428571428571	0.2571428571428571	False	False	False	1	False	0
peptide_3381	HLA-A*02:01	1	YLECYPCVM	211.4	161.22	SMMPMBEC	2.9	1.016999999999999	MHCflurry	0.0169355158286634	0.2628758673263923	1.511603260869478	263.6448440542883	1.016999999999999	5673.83	95.66	230.98	3.1	183.24	1.3	0.0206	3.5	194.27	4.9	211.4	2.9	161.22	2.3	0.6714285714285715	0.9428571428571428	False	False	False	2	False	0
peptide_139	HLA-A*02:01	1	HLCTCVVPM	212.53	82.94779327601987	MHCflurry	3.1	0.5323749999999995	MHCflurry	0.0020854388276347	0.5099108907988458	0.8003804347824826	82.94779327601987	0.5323749999999995	5626.61	89.96	291.48	3.4	120.82	0.86	0.0217	3.4	103.72	3.1	262.49	3.3	212.53	2.9	1.8571428571428572	2.1285714285714286	False	False	False	2	False	0
peptide_3483	HLA-A*02:01	1	ALCCEQCIV	216.83	45.58	PickPocket	2.5	0.7993749999999992	MHCflurry	0.0017548918676766	0.3526046735928483	1.1888315217390186	161.314268939115	0.7993749999999992	5633.91	91.73	317.83	3.6	354.1	1.9	0.0121	4.5	45.58	1.6	216.83	2.9	180.9	2.5	1.3142857142857143	1.3142857142857143	False	False	False	3	False	0
peptide_1524	HLA-A*02:01	1	SMKMLTFNI	217.64	126.02	PickPocket	3.1	0.8567499999999991	MHCflurry	0.0145093900064239	0.3339057914906836	1.249347826086833	184.05262158612663	0.8567499999999991	5599.41	65.62	217.64	3.1	163.92	1.2	0.0362	2.6	126.02	3.6	271.71	3.4	287.36	3.6	0.7	0.7142857142857143	False	False	False	0	False	0
peptide_1438	HLA-A*02:01	1	RLEDYDVNI	220.01	103.72	PickPocket	0.93	0.1854891304347603	MHCflurry	0.5817913264036179	0.8597219459890351	0.1854891304347603	110.40364913235013	0.6454999999999995	3853.22	0.49	220.01	3.1	133.7	0.93	0.48	0.28	103.72	3.1	319.97	3.8	270.66	3.4	-0.9428571428571431	-0.9428571428571431	False	False	False	0	False	0
peptide_1109	HLA-A*02:01	1	CVYCNVWMI	220.51	59.09	PickPocket	2.5	0.8029999999999992	MHCflurry	0.0013149220585546	0.3501883028769234	1.1986684782607568	162.82345944022973	0.8029999999999992	5623.98	89.05999999999999	128.08	2.5	347.57	1.9	0.00833	5.4	59.09	1.9	246.1	3.2	220.51	2.9	1.0571428571428572	1.1	True	False	False	2	False	0
peptide_4649	HLA-A*02:01	1	VQSIHWYTV	220.86	52.15702516897069	MHCflurry	2.1	0.1655978260869375	MHCflurry	0.4054988930001855	0.8718749832297235	0.1655978260869375	52.15702516897069	0.3689999999999997	4978.27	0.95	126.02	2.5	431.15	2.1	0.0601	1.9	110.68	3.3	220.86	2.9	227.74	3.0	0.2571428571428571	0.2571428571428571	False	False	False	0	False	0
peptide_777	HLA-A*02:01	1	YTYNVPMNI	221.2	42.59840624035727	MHCflurry	1.83	0.0267391304348052	MHCflurry	0.7439429089426994	0.9648294081909582	0.0267391304348052	42.59840624035727	0.3033749999999998	5409.59	1.83	94.1	2.2	49.14	0.42	0.508	0.26	221.2	5.5	231.8	3.0	231.44	3.0	0.10000000000000002	0.10000000000000002	False	False	False	0	False	0
peptide_6243	HLA-A*02:01	1	YQTFETIFL	221.53	45.18927639896657	MHCflurry	0.69	0.24	MHCnuggetsI	0.1537194885313511	0.7624398194107399	0.3385597826086837	45.18927639896657	0.3198749999999997	1747.31	0.24	89.62	2.1	92.51	0.69	0.243	0.66	228.5	5.5	231.8	3.0	221.53	3.0	1.2857142857142858	1.2857142857142858	False	False	False	0	False	0
peptide_5124	HLA-A*02:01	1	FTHSITMEL	225.48	52.33913438157124	MHCflurry	1.6	0.0670652173913168	MHCflurry	0.6266975104808807	0.9368424825088364	0.0670652173913168	52.33913438157124	0.3689999999999997	5484.14	2.66	61.7	1.6	116.44	0.84	0.442	0.32	356.07	7.3	225.48	3.0	231.44	3.0	0.2857142857142857	0.5428571428571428	False	False	False	0	False	0
peptide_9803	HLA-A*02:01	1	GIQMGIWHI	229.04	94.1	PickPocket	2.9	0.75	NetMHCpanEL	0.089838363463059	0.4093338285255071	1.0341304347824831	173.50430317882137	0.8346249999999991	5508.13	3.32	209.55	3.0	229.04	1.5	0.215	0.75	94.1	2.9	268.6	3.4	262.68	3.3	0.41428571428571426	0.8142857142857142	False	False	False	0	False	0
peptide_2944	HLA-A*02:01	1	LVGEHPHHV	229.67	25.34254532243016	MHCflurry	1.6	0.11	NetMHCpanEL	0.1109665016410872	0.8287286464296337	0.2334510869565207	25.34254532243016	0.1535	4398.27	0.65	238.6	3.2	263.46	1.6	0.73	0.11	126.02	3.6	229.67	3.0	223.58	3.0	-1.557142857142857	-0.5571428571428573	False	False	False	0	False	0
peptide_5022	HLA-A*02:01	1	NMSNNCAFI	230.706	76.61	PickPocket	3.0	0.9564999999999988	MHCflurry	0.0086231532986857	0.2827527218900528	1.4288858695651214	230.7057402182681	0.9564999999999988	5609.82	79.36999999999999	200.68	3.0	149.05	1.0	0.0152	4.1	76.61	2.4	233.94	3.1	241.23	3.2	0.5428571428571428	0.5428571428571428	False	False	False	1	True	0
peptide_5218	HLA-A*02:01	1	GMEMLAWPA	231.27	100.41	PickPocket	3.0	0.98	NetMHCpan	0.001816269250412	0.1239508770452222	2.5301358695651146	646.2961101745285	1.4743749999999989	5654.65	94.31	289.91	3.4	145.08	0.98	0.0127	4.4	100.41	3.1	231.27	3.0	210.59	2.9	0.4714285714285714	0.6571428571428571	False	False	False	0	False	0
peptide_5288	HLA-A*02:01	1	GLLFCHFTT	231.8	93.08	PickPocket	2.9	1.002124999999999	MHCflurry	0.0010663008433766	0.2585793812313349	1.5295108695651152	254.6138519170237	1.002124999999999	5639.27	92.61	162.5	2.7	179.15	1.3	0.0168	3.9	93.08	2.9	231.8	3.0	240.12	3.1	1.0428571428571427	1.7285714285714289	False	False	False	1	False	0
peptide_6893	HLA-A*02:01	1	CMWSFIEPS	233.427	108.31	PickPocket	3.1	0.9626249999999992	MHCflurry	0.0020297246883274	0.2757650682182816	1.4566304347825252	233.4269475607173	0.9626249999999992	5630.1	90.92	301.1	3.4	157.66	1.2	0.00675	6.0	108.31	3.2	223.93	3.0	233.58	3.1	-0.04285714285714293	0.9285714285714286	True	False	False	1	False	0
peptide_5087	HLA-A*02:01	1	LMIFHNPWT	233.94	143.49	PickPocket	3.1	0.8753749999999991	MHCflurry	0.0007923758148535	0.3139801891097504	1.317554347826004	192.2787390577178	0.8753749999999991	5510.78	3.42	273.16	3.3	610.45	2.5	0.0155	4.0	143.49	4.0	233.94	3.1	230.9	3.0	-0.3714285714285715	0.6714285714285716	False	False	False	0	False	1
peptide_869	HLA-A*02:01	1	NIPFNYFPV	235.401	50.78	PickPocket	2.1	0.95	NetMHCpan	0.0220715019968338	0.2884681406207428	1.406440217391193	235.40085138725792	0.9662499999999988	5607.23	76.48	92.08	2.1	138.5	0.95	0.0162	3.9	50.78	1.7	258.29	3.3	254.94	3.3	0.25714285714285706	0.2999999999999999	False	False	False	0	True	0
peptide_3741	HLA-A*02:01	1	VMMDNELNT	236.28	126.02	PickPocket	1.8	0.88	MHCnuggetsI	0.0076186402147868	0.2823729178834236	1.4288858695651214	230.3069344505144	0.9564999999999988	4894.89	0.88	155.62	2.6	336.4	1.8	0.149	1.1	126.02	3.6	238.84	3.1	236.28	3.1	-1.2857142857142858	0.1857142857142857	False	False	False	0	False	0
peptide_3418	HLA-A*02:01	1	NQWYNAYYA	239.94	100.41	NetMHCcons	2.2	1.2	NetMHCpan	0.0664817772340029	0.1549492764887412	2.1829619565216376	626.3547496056204	1.4558749999999991	5392.24	1.7399999999999998	100.41	2.2	157.97	1.2	0.0483	2.2	102.6	3.1	239.94	3.1	240.67	3.1	-0.6714285714285715	-0.6714285714285715	False	False	False	0	True	0
peptide_7024	HLA-A*02:01	1	WTLPVSSFL	241.2	132.07666684018588	MHCflurry	3.2	0.7118749999999994	MHCflurry	0.0846309933112934	0.4700011012657174	0.8884239130433542	132.07666684018588	0.7118749999999994	5512.72	3.51	241.2	3.2	214.85	1.4	0.074	1.7	214.14	5.4	474.36	4.6	474.71	4.6	1.6285714285714286	1.6285714285714286	False	False	False	0	False	0
peptide_8557	HLA-A*02:01	1	LLNMNFTKL	246.85	55.98	PickPocket	1.8	0.62	NetMHCpanEL	0.0970435247290879	0.5035258317531233	0.8127173913042185	120.34858262875892	0.6784999999999994	5519.02	3.790000000000001	271.69	3.3	254.63	1.6	0.262	0.62	55.98	1.8	232.87	3.1	246.85	3.2	-0.44285714285714295	0.6571428571428571	False	False	False	0	False	0
peptide_6092	HLA-A*02:01	1	RWFCFWWPL	247.81	146.03	SMMPMBEC	3.2	2.2	SMMPMBEC	0.0045903449372417	0.0293435489802369	8.269211956521715	3197.874208742056	2.824125	5643.7	93.2	247.81	3.2	572.39	2.4	0.00203	11.0	174.34	4.6	158.16	2.3	146.03	2.2	1.2142857142857142	1.2142857142857142	False	False	False	1	False	0
peptide_1771	HLA-A*02:01	1	FLFCAVIMG	251.87	65.13	PickPocket	2.0	1.106999999999999	MHCflurry	0.0035678901258506	0.2195069466424865	1.7204076086955808	320.66038053852645	1.106999999999999	5291.79	1.4	251.87	3.2	432.12	2.1	0.00401	7.6	65.13	2.1	126.51	2.0	113.88	1.8	2.4714285714285715	3.1999999999999997	False	False	False	1	False	0
peptide_3285	HLA-A*02:01	1	VTNMFNIPV	251.87	205.07	NetMHCcons	3.1	1.5403749999999992	MHCflurry	0.014671253884444	0.1180625646515494	2.6173369565216404	717.0060366075445	1.5403749999999992	5601.93	69.42	205.07	3.0	266.07	1.6	0.0181	3.7	251.87	5.9	244.4	3.2	236.28	3.1	0.6857142857142857	0.8142857142857142	False	False	False	0	False	0
peptide_5262	HLA-A*02:01	1	FIDHENCTI	255.99	83.14079836390489	MHCflurry	3.2	0.3123641304347586	MHCflurry	0.3467189446091652	0.778465986599536	0.3123641304347586	83.14079836390489	0.5357499999999995	5558.17	9.94	255.99	3.2	191.67	1.3	0.219	0.73	143.49	4.0	321.45	3.8	318.0	3.7	-1.057142857142857	-0.5571428571428572	False	False	False	1	False	0
peptide_8017	HLA-A*02:01	1	VQYYGCHWI	258.29	89.19457098944697	MHCflurry	2.8	0.5633749999999995	MHCflurry	0.0157199403911363	0.5043400491021702	0.8127173913042185	89.19457098944697	0.5633749999999995	5624.14	89.12	178.16	2.8	366.02	1.9	0.031	2.8	156.47	4.3	258.29	3.3	266.34	3.4	-0.014285714285714362	-0.014285714285714362	False	False	False	1	False	0
peptide_2401	HLA-A*02:01	1	MQQWHGWFA	259.077	82.99	NetMHCpan	2.3	0.63	NetMHCpan	0.1715635639848187	0.3853255831663372	1.09779891304332	259.07717848186104	1.012499999999999	5618.66	86.55000000000001	104.85	2.3	82.99	0.63	0.0731	1.7	211.83	5.3	302.07	3.7	286.7	3.5	-0.6142857142857144	-0.6142857142857144	False	False	False	0	False	0
peptide_679	HLA-A*02:01	1	FMRINKYEI	260.93	163.39	PickPocket	3.2	1.012499999999999	MHCflurry	0.0302632116363383	0.2741104186246639	1.4653532608694777	260.9304995524373	1.012499999999999	5521.6	3.92	476.88	4.1	990.25	3.2	0.0178	3.7	163.39	4.5	184.55	2.6	205.32	2.8	-1.1	-0.5714285714285715	False	False	False	0	False	0
peptide_1700	HLA-A*02:01	1	GLMLTWQKI	263.2	65.84	PickPocket	2.1	0.6994999999999993	MHCflurry	0.037260619807057	0.4368598954641742	0.9641847826085552	127.55638150834125	0.6994999999999993	5589.5	48.67	234.76	3.2	263.2	1.6	0.154	1.1	65.84	2.1	287.81	3.6	290.02	3.6	0.17142857142857126	0.5714285714285714	False	False	False	0	False	0
peptide_3023	HLA-A*02:01	1	YLQTRIWVS	265.53	45.01	NetMHCpan	3.0	0.4	NetMHCpan	0.4333703191950917	0.1755447707973245	2.0051086956520976	2043.5031561450187	2.3121250000000004	5680.04	95.98	200.68	3.0	45.01	0.4	0.21	0.76	140.42	3.9	265.53	3.4	282.12	3.5	-0.2428571428571428	0.41428571428571426	False	False	False	0	False	0
peptide_5642	HLA-A*02:01	1	GMACSVCFT	265.72	98.26	PickPocket	3.0	0.9034999999999992	MHCflurry	0.0005294159582263	0.3002466099854194	1.3658152173912157	205.2931687402351	0.9034999999999992	5688.58	96.39	180.1	2.9	400.34	2.0	0.00243	9.5	98.26	3.0	306.98	3.7	265.72	3.4	1.7571428571428573	2.128571428571429	False	False	False	2	False	0
peptide_306	HLA-A*02:01	1	WSFAKFHTV	267.31	51.1625473801953	MHCflurry	1.59	0.1792934782608597	MHCflurry	0.3802928496152162	0.8637929511527412	0.1792934782608597	51.1625473801953	0.3619999999999997	5353.81	1.59	267.31	3.3	122.46	0.88	0.155	1.0	126.02	3.6	517.74	4.9	508.66	4.9	0.5428571428571428	0.5428571428571428	False	False	False	0	False	0
peptide_1727	HLA-A*02:01	1	HVMINYLLV	267.57	118.1	PickPocket	1.89	1.106999999999999	MHCflurry	0.1145824929699301	0.2942905085186596	1.3880163043477154	320.2903142733036	1.106999999999999	5418.49	1.89	218.82	3.1	188.99	1.3	0.0692	1.7	118.1	3.4	273.6	3.4	267.57	3.4	1.9142857142857141	1.9142857142857141	False	False	False	0	False	0
peptide_6331	HLA-A*02:01	1	NLLIWSEGA	271.29	65.13	PickPocket	2.6	0.9662499999999988	MHCflurry	0.0142084619146771	0.2818432529181289	1.4320108695651186	236.5379443844709	0.9662499999999988	5490.53	2.8000000000000003	461.65	4.0	470.94	2.2	0.0367	2.6	65.13	2.1	265.53	3.4	271.29	3.4	0.642857142857143	0.9285714285714283	False	False	False	0	True	0
peptide_5946	HLA-A*02:01	1	ILFEHMLRF	274.86	145.05	PickPocket	1.7	0.2510054347825985	MHCflurry	0.6389903873205185	0.8172270851034469	0.2510054347825985	188.1234212813555	0.8666249999999991	4494.96	0.6799999999999999	301.1	3.4	300.04	1.7	0.479	0.28	145.05	4.0	274.86	3.4	252.02	3.3	0.01428571428571417	1.442857142857143	False	False	False	0	False	0
peptide_8378	HLA-A*02:01	1	WVGKCVWTI	284.07	143.60404631902745	MHCflurry	3.5	0.7477499999999992	MHCflurry	0.0057830490841297	0.3821590187956428	1.105624999999847	143.60404631902745	0.7477499999999992	5582.62	36.48	297.86	3.4	278.47	1.6	0.0122	4.5	194.27	4.9	309.11	3.7	284.07	3.5	0.7571428571428572	0.7571428571428572	False	False	False	1	False	0
peptide_6609	HLA-A*02:01	1	AQGRWMWCI	286.292	165.71	NetMHCpan	3.2	0.4133967391304338	MHCflurry	0.5917060689534992	0.7155487923776411	0.4133967391304338	286.29246734679924	1.0563749999999992	5605.46	74.27	243.82	3.2	165.71	1.2	0.0306	2.8	166.96	4.5	397.29	4.2	375.34	4.1	0.31428571428571417	0.31428571428571417	False	False	False	1	False	0
peptide_8237	HLA-A*02:01	1	YMFHGDFCW	288.07	114.33	PickPocket	2.545	1.7	NetMHCpan	0.3428846369497478	0.110504986910336	2.7245652173912447	2559.283479189234	2.544875	5784.92	98.84	810.33	4.9	288.07	1.7	0.0417	2.4	114.33	3.4	114.84	1.8	129.85	2.0	0.014285714285714155	0.41428571428571415	False	False	False	1	False	0
peptide_132	HLA-A*02:01	1	MTTCVAAWV	289.91	184.5824636659538	MHCflurry	3.7	0.8567499999999991	MHCflurry	0.0035727147696889	0.3247428671726867	1.2795923913042344	184.5824636659538	0.8567499999999991	5633.44	91.65	201.76	3.0	243.48	1.5	0.00304	8.6	289.91	6.3	344.44	3.9	305.79	3.7	1.8428571428571427	1.8428571428571427	False	False	False	1	False	0
peptide_6773	HLA-A*02:01	1	MPFEQLHSV	293.743	236.04	PickPocket	3.5	0.1497554347826195	MHCflurry	0.9077922776341438	0.8824550052053056	0.1497554347826195	293.74300124283616	1.0659999999999992	5525.99	4.17	1414.68	6.1	2004.51	4.6	0.109	1.3	236.04	5.7	273.6	3.4	279.53	3.5	-0.0285714285714286	-0.0285714285714286	False	False	False	0	False	0
peptide_9213	HLA-A*02:01	1	NIWQHYPLI	294.14	81.75	PickPocket	1.7	0.6784999999999994	MHCflurry	0.1351746192667633	0.5366826654825528	0.7437499999998778	120.59930733719403	0.6784999999999994	5199.45	1.22	224.82	3.1	294.14	1.7	0.172	0.92	81.75	2.6	388.25	4.1	409.67	4.2	-0.31428571428571433	-0.31428571428571433	False	False	False	0	True	0
peptide_668	HLA-A*02:01	1	GMWMSECSM	295.41	98.26	PickPocket	3.0	1.4	NetMHCpan	0.0020756612830155	0.1181735337866426	2.6017663043477626	684.1029432369759	1.5067499999999991	5624.69	89.32	297.86	3.4	201.38	1.4	0.0454	2.2	98.26	3.0	286.49	3.5	295.41	3.6	0.0428571428571428	0.09999999999999999	False	False	False	1	False	0
peptide_3216	HLA-A*02:01	1	YIPVDSFLA	296.036	104.85	PickPocket	2.3	1.0718749999999992	MHCflurry	0.0359236372169107	0.2541780160912369	1.5528260869564434	296.036458378488	1.0718749999999992	5444.35	2.09	330.1	3.6	496.29	2.2	0.0274	3.0	104.85	3.1	162.6	2.3	170.78	2.4	0.9571428571428571	1.3428571428571427	False	False	False	0	False	0
peptide_2153	HLA-A*02:01	1	AMFGRKFDA	299.47	63.05	PickPocket	1.4	0.3317663043477949	MHCflurry	0.3341155927628279	0.766220203910571	0.3317663043477949	85.31426729311768	0.5449999999999995	4924.14	0.8999999999999999	299.47	3.4	203.89	1.4	0.18	0.88	63.05	2.0	310.53	3.7	355.16	4.0	-0.7000000000000001	0.07142857142857137	False	False	False	0	False	0
peptide_1516	HLA-A*02:01	1	WLGVGWFHM	304.39	82.64	PickPocket	3.7	0.7899999999999991	MHCflurry	0.0104448199053877	0.365120464980942	1.1531793478259402	157.4331977295661	0.7899999999999991	5583.24	37.54	503.39	4.2	200.02	1.4	0.0166	3.9	82.64	2.6	319.23	3.7	304.39	3.7	0.5714285714285714	1.1714285714285713	False	False	False	0	False	0
peptide_6430	HLA-A*02:01	1	KLGDPGYCA	307.69	78.29	PickPocket	2.5	0.401766304347845	MHCflurry	0.2756122918799519	0.7223489536739434	0.401766304347845	87.44435388675926	0.5547499999999995	5461.34	2.28	407.64	3.9	629.36	2.6	0.261	0.62	78.29	2.5	307.69	3.7	293.38	3.6	-0.4142857142857143	-0.12857142857142861	False	False	False	1	False	0
peptide_4971	HLA-A*02:01	1	KLLDYTNVS	309.35	186.04	PickPocket	2.43	1.3421249999999991	MHCflurry	0.0780670549720525	0.1894444116167273	1.905543478260796	508.91681147914807	1.3421249999999991	5471.72	2.43	309.35	3.5	401.72	2.0	0.0967	1.4	186.04	4.8	261.28	3.3	248.56	3.2	-0.2571428571428572	0.39999999999999997	False	False	False	0	False	0
peptide_6987	HLA-A*02:01	1	MLRCANCTL	310.76	198.52	PickPocket	3.7	0.9034999999999992	MHCflurry	0.0013620228128274	0.3000622656648823	1.3658152173912157	206.1028366529288	0.9034999999999992	5598.3	63.9	286.79	3.4	356.83	1.9	0.00972	5.0	198.52	5.0	339.71	3.9	310.76	3.7	0.2714285714285714	0.6428571428571427	False	False	False	2	False	0
peptide_4964	HLA-A*02:01	1	NIWLNYWQI	311.987	70.26	PickPocket	2.2	1.0982499999999993	MHCflurry	0.0246604388084961	0.2373470188962236	1.6274184782607648	311.98749972353653	1.0982499999999993	5580.59	33.050000000000004	132.31	2.5	180.7	1.3	0.0604	1.9	70.26	2.2	398.21	4.2	416.32	4.3	-0.25714285714285723	-0.25714285714285706	False	False	False	0	True	0
peptide_8476	HLA-A*02:01	1	CVREYTLPV	313.72	239.57	SMMPMBEC	3.3	1.0982499999999993	MHCflurry	0.0093533414037665	0.2267390185053845	1.68184782608688	313.7198453964052	1.0982499999999993	5600.08	66.67	548.91	4.3	610.82	2.5	0.0137	4.3	302.73	6.5	259.48	3.3	239.57	3.1	-0.5142857142857143	0.07142857142857142	True	False	False	1	False	0
peptide_1138	HLA-A*02:01	1	TMSMNHFTA	314.548	109.48	PickPocket	3.2	1.102999999999999	MHCflurry	0.0232127433991991	0.2349910932891048	1.64182065217382	314.5475066233216	1.102999999999999	5507.27	3.28	277.63	3.4	304.99	1.7	0.0391	2.5	109.48	3.2	354.09	4.0	400.34	4.2	-0.24285714285714297	-0.22857142857142862	False	False	False	0	False	0
peptide_1924	HLA-A*02:01	1	NTFDLMINI	316.12	112.529956645181	MHCflurry	1.3	0.52	MHCnuggetsI	0.106876018224284	0.5285042673830714	0.7616304347824752	112.529956645181	0.6524999999999995	3982.58	0.52	316.12	3.5	186.4	1.3	0.226	0.71	277.63	6.2	524.94	4.9	504.0	4.8	1.5	1.5	False	False	False	0	True	0
peptide_4078	HLA-A*02:01	1	VIWPHWKQV	317.83	59.09	PickPocket	1.5	0.24	NetMHCpanEL	0.3897286467254162	0.7941917459955515	0.2868478260869267	88.30574112702749	0.5591249999999995	2233.6	0.2799999999999999	317.83	3.6	248.42	1.5	0.545	0.24	59.09	1.9	354.9	4.0	347.08	4.0	-1.4000000000000001	-0.25714285714285723	False	False	False	0	False	0
peptide_6190	HLA-A*02:01	1	FQHIGIAEA	323.04	124.90521552237698	MHCflurry	1.9	0.099510869565222	MHCflurry	0.7712415754795074	0.9139938733639128	0.099510869565222	124.90521552237698	0.6911249999999994	5080.01	1.06	230.98	3.1	353.92	1.9	0.161	0.98	323.04	6.8	299.3	3.7	326.91	3.8	0.7857142857142856	0.9285714285714285	False	False	False	0	False	0
peptide_6252	HLA-A*02:01	1	RMTEWATKM	323.17	76.03646703267259	MHCflurry	1.58	0.3152445652173554	MHCflurry	0.3189119240269065	0.7764553564942264	0.3152445652173554	76.03646703267259	0.4978749999999996	5350.82	1.58	324.79	3.6	242.6	1.5	0.333	0.48	176.24	4.7	358.19	4.0	323.17	3.8	-0.8571428571428571	-0.8571428571428571	False	False	False	0	False	0
peptide_1026	HLA-A*02:01	1	FLIELDYWK	323.344	112.05	SMMPMBEC	2.1	1.1137499999999994	MHCflurry	0.0188000764755997	0.227453936568654	1.676195652173817	323.3439721320179	1.1137499999999994	5882.68	99.66	371.82	3.7	436.53	2.1	0.0265	3.0	238.6	5.7	129.45	2.0	112.05	1.8	-0.6857142857142857	0.9428571428571427	False	False	False	0	False	0
peptide_1729	HLA-A*02:01	1	IMREIFYMT	328.195	202.86	PickPocket	3.7	1.1182499999999993	MHCflurry	0.0319269184838049	0.2331223808071435	1.6513043478259846	328.1948564611524	1.1182499999999993	5665.56	95.15	631.81	4.5	754.09	2.8	0.0144	4.2	202.86	5.1	317.77	3.7	296.09	3.6	-0.1142857142857143	0.6285714285714287	False	False	False	0	False	0
peptide_2432	HLA-A*02:01	1	LLMNYVFQN	328.32	62.37	PickPocket	2.16	1.51	MHCnuggetsI	0.0113676730106817	0.0536156616308363	4.807092391304323	1716.9625148561988	2.1605	5329.12	1.51	328.32	3.6	530.53	2.3	0.00445	7.3	62.37	2.0	113.27	1.8	107.26	1.8	-0.4142857142857143	1.6714285714285713	False	False	False	0	False	0
peptide_1921	HLA-A*02:01	1	CMDCAENKV	335.3	56.59	PickPocket	3.6	1.1791249999999989	MHCflurry	0.0078118178280419	0.2002662372696113	1.832635869565138	366.99706939284783	1.1791249999999989	5592.95	54.87	331.89	3.6	735.48	2.8	0.0111	4.7	56.59	1.8	314.85	3.7	335.3	3.8	-0.8428571428571427	-0.2571428571428571	True	False	False	2	False	0
peptide_9780	HLA-A*02:01	1	YFWVLDMMV	336.1	98.26	PickPocket	2.678	1.8	NetMHCpan	0.0051109320411342	0.0326343096978279	7.558260869565203	2861.826879037598	2.6775	5435.57	2.01	520.0	4.2	336.1	1.8	0.0247	3.2	98.26	3.0	157.08	2.3	167.66	2.4	1.6571428571428573	1.6571428571428573	False	False	False	0	False	0
peptide_2840	HLA-A*02:01	1	MAAFWNCVV	340.99	248.56	SMMPMBEC	3.4	1.329874999999999	MHCflurry	0.161988955369452	0.2436909636314654	1.5977173913042575	496.42074352226734	1.329874999999999	5624.54	89.27000000000001	304.37	3.5	410.14	2.0	0.00321	8.4	340.99	7.1	275.49	3.4	248.56	3.2	1.5857142857142859	1.5857142857142859	False	False	False	1	False	0
peptide_9229	HLA-A*02:01	1	WLYVFKRLL	342.32	135.94	PickPocket	2.426	1.4692499999999988	MHCflurry	0.0193715340574271	0.1317059873843004	2.4260054347825246	641.347785375541	1.4692499999999988	5343.32	1.5599999999999998	731.18	4.7	268.14	1.6	0.0642	1.8	135.94	3.8	313.41	3.7	342.32	3.9	0.7000000000000001	0.7000000000000001	False	False	False	0	False	0
peptide_2283	HLA-A*02:01	1	GLYMGLIIM	343.355	62.37	PickPocket	2.0	1.0	NetMHCpanEL	0.1853550490923226	0.3336372467626708	1.249347826086833	343.3553580348813	1.1464999999999992	5137.58	1.13	373.84	3.7	427.07	2.1	0.155	1.0	62.37	2.0	144.25	2.2	142.37	2.2	2.1285714285714286	2.4	False	False	False	0	False	0
peptide_9947	HLA-A*02:01	1	KQHGRCYYI	347.62	89.89675245834862	MHCflurry	3.0	0.5677499999999995	MHCflurry	0.1472927450668066	0.616629208664388	0.5828532608695269	89.89675245834862	0.5677499999999995	5553.1	8.01	205.07	3.0	430.9	2.1	0.0527	2.0	233.5	5.6	347.62	4.0	359.28	4.0	-0.5285714285714285	-0.5285714285714285	False	False	False	1	False	0
peptide_3838	HLA-A*02:01	1	CIHEVVMLI	347.62	153.40120276888578	MHCflurry	3.8	0.7768749999999991	MHCflurry	0.1020316290669143	0.4491858646060969	0.9356793478259532	153.40120276888578	0.7768749999999991	5613.81	83.14	442.1	4.0	669.99	2.7	0.046	2.2	180.1	4.7	347.62	4.0	329.18	3.8	1.7	1.7	True	False	False	1	False	0
peptide_5637	HLA-A*02:01	1	VAMTGNMWV	352.24	144.35	SMMPMBEC	2.3	0.8958749999999991	MHCflurry	0.0113995811261702	0.312943569469493	1.3205434782608023	200.84662345745525	0.8958749999999991	5601.72	69.11	352.24	3.7	432.57	2.1	0.0287	2.9	392.49	7.7	149.32	2.3	144.35	2.2	0.35714285714285715	0.7428571428571428	False	False	False	0	False	0
peptide_3982	HLA-A*02:01	1	SQLDHRAPL	354.9	84.95993943954714	MHCflurry	3.2	0.5019293478260352	MHCflurry	0.1889280860777944	0.6631671847898362	0.5019293478260352	84.95993943954714	0.5449999999999995	5571.0	19.59	238.6	3.2	678.68	2.7	0.142	1.1	337.32	7.0	354.9	4.0	391.23	4.1	-0.4857142857142859	-0.4857142857142859	False	False	False	0	False	0
peptide_5118	HLA-A*02:01	1	CTILSFWYI	359.28	165.16	NetMHCcons	4.0	1.3421249999999991	MHCflurry	0.0158827768536866	0.1584648691830562	2.1463315217390573	506.853870089761	1.3421249999999991	5624.23	89.16	165.16	2.7	620.25	2.5	0.00304	8.6	184.04	4.8	352.46	4.0	359.28	4.0	1.8	1.8	True	False	False	1	False	0
peptide_6204	HLA-A*02:01	1	KVCKFVAEL	359.95	54.681361584637614	MHCflurry	3.53	0.2589673913043242	MHCflurry	0.2900088280439377	0.8120079870835533	0.2589673913043242	54.681361584637614	0.3826249999999997	5513.16	3.53	359.95	3.7	429.89	2.1	0.194	0.82	243.82	5.8	374.21	4.1	343.11	3.9	1.0999999999999999	1.1571428571428573	False	False	False	1	False	0
peptide_2238	HLA-A*02:01	1	RMMHARYST	359.95	180.1	PickPocket	3.7	1.3064999999999989	MHCflurry	0.0254458334093214	0.1707591330291144	2.04293478260864	478.6550036206144	1.3064999999999989	5594.04	56.77	359.95	3.7	626.03	2.5	0.0141	4.2	180.1	4.7	294.52	3.6	323.17	3.8	-0.9714285714285714	-0.6	False	False	False	0	False	0
peptide_6437	HLA-A*02:01	1	WLPPLGLVL	362.6	98.445832941596	MHCflurry	1.6	0.5982499999999996	MHCflurry	0.1072759707458317	0.5610534333597568	0.6929076086955632	98.445832941596	0.5982499999999996	4789.85	0.8200000000000001	522.82	4.2	277.96	1.6	0.248	0.65	109.48	3.2	365.69	4.1	362.6	4.0	1.7142857142857142	1.7142857142857142	False	False	False	0	False	0
peptide_7019	HLA-A*02:01	1	GLGSWTSDL	364.01	100.41	PickPocket	3.1	0.8346249999999991	MHCflurry	0.06734273978509	0.3901937087582348	1.0836684782607051	173.53746628100583	0.8346249999999991	5536.33	5.029999999999999	484.69	4.1	669.92	2.7	0.107	1.3	100.41	3.1	364.01	4.0	359.28	4.0	-0.4714285714285714	-0.028571428571428532	False	False	False	0	False	0
peptide_539	HLA-A*02:01	1	YSCWYVLHL	367.82	104.6366778692241	MHCflurry	3.7	0.3752989130434798	MHCflurry	0.3491756068542599	0.7392492391942077	0.3752989130434798	104.6366778692241	0.6257499999999995	5616.02	84.85000000000001	869.37	5.1	586.71	2.4	0.0179	3.7	367.82	7.4	333.51	3.8	264.5	3.4	1.2714285714285716	1.2714285714285716	False	False	False	1	False	0
peptide_822	HLA-A*02:01	1	HIANQCMTV	377.08	113.1	PickPocket	2.1	0.98	NetMHCpanEL	0.2142984378151595	0.3996892503911518	1.0576086956520356	284.50931377349224	1.0514999999999992	5384.26	1.7000000000000002	421.09	3.9	417.62	2.1	0.159	0.98	113.1	3.3	369.07	4.1	377.08	4.1	0.38571428571428573	0.42857142857142855	False	False	False	1	False	0
peptide_8571	HLA-A*02:01	1	NQMSMWTLL	379.129	125.2	NetMHCpan	2.9	0.88	NetMHCpan	0.0116837708701496	0.1974161017463868	1.8524184782608015	379.1289924627233	1.195624999999999	5601.63	68.99	188.06	2.9	125.2	0.88	0.0714	1.7	182.06	4.8	424.73	4.4	417.28	4.3	1.2857142857142858	1.2857142857142858	False	False	False	0	True	0
peptide_5949	HLA-A*02:01	1	GLWWFCPHG	380.283	188.06	PickPocket	3.4	1.195624999999999	MHCflurry	0.0151607720472384	0.1989017471313318	1.8454076086955808	380.2829443511323	1.195624999999999	5767.79	98.58	1127.15	5.6	825.32	3.0	0.00464	7.2	188.06	4.9	274.86	3.4	263.29	3.3	-0.24285714285714288	0.7571428571428572	False	False	False	1	False	0
peptide_5099	HLA-A*02:01	1	FIVHEPIII	384.69	109.2345793052338	MHCflurry	3.1	0.3592934782608381	MHCflurry	0.3759564645588398	0.7493319714070854	0.3592934782608381	109.2345793052338	0.6418749999999995	5097.64	1.08	656.19	4.6	883.5	3.1	0.116	1.3	209.55	5.3	384.69	4.1	372.76	4.1	1.342857142857143	1.342857142857143	False	False	False	0	False	0
peptide_6665	HLA-A*02:01	1	VIFDCYITT	388.83	233.2342993557259	MHCflurry	2.1	0.9626249999999992	MHCflurry	0.0127114873030222	0.2835396208318648	1.425407608695565	233.2342993557259	0.9626249999999992	5364.87	1.63	414.31	3.9	388.83	2.0	0.0518	2.1	319.56	6.7	421.8	4.3	377.08	4.1	0.5142857142857142	1.957142857142857	False	False	False	1	False	0
peptide_2185	HLA-A*02:01	1	KVATTYEEV	393.02	63.15684651905087	MHCflurry	2.0	0.2727173913043259	MHCflurry	0.3138990476727485	0.8033977062299335	0.2727173913043259	63.15684651905087	0.4323749999999997	5188.42	1.2	226.04	3.1	393.02	2.0	0.288	0.57	184.04	4.8	437.63	4.4	456.49	4.6	-0.5285714285714286	-0.5285714285714286	False	False	False	0	False	0
peptide_9734	HLA-A*02:01	1	ATFWVYTEL	393.03	235.07159639422483	MHCflurry	3.3	0.9202989130433537	MHCflurry	0.227278265170753	0.45625516086175	0.9202989130433537	235.07159639422483	0.9662499999999988	5530.72	4.51	260.18	3.3	569.8	2.4	0.0638	1.8	384.09	7.6	403.75	4.2	393.03	4.1	0.6285714285714284	0.7428571428571429	False	False	False	0	False	0
peptide_2527	HLA-A*02:01	1	WLMRGMWKP	395.76	87.23	PickPocket	4.1	2.0	NetMHCpan	0.0339037033045315	0.0393199829396278	6.327092391304319	2604.7387804451378	2.57125	5828.68	99.33	692.67	4.7	384.39	2.0	0.021	3.4	87.23	2.8	366.53	4.1	395.76	4.2	-1.0714285714285714	0.12857142857142853	False	False	True	0	False	0
peptide_117	HLA-A*02:01	1	SMDMWASVM	401.99	184.04	PickPocket	3.9	1.2623749999999991	MHCflurry	0.0306788687594234	0.1862200389026082	1.9268749999999244	437.6565236198811	1.2623749999999991	5661.4	94.85	611.63	4.5	401.99	2.0	0.0495	2.1	184.04	4.8	339.71	3.9	348.68	4.0	0.6571428571428571	0.6571428571428571	False	False	False	0	False	0
peptide_1732	HLA-A*02:01	1	RLAELMCLS	404.98	223.61	PickPocket	4.0	0.9806249999999992	MHCflurry	0.0254268101998604	0.2846266197124774	1.421494565217273	242.95019527946332	0.9806249999999992	5677.61	95.85	461.65	4.0	321.93	1.8	0.0247	3.2	223.61	5.5	430.64	4.4	404.98	4.2	1.3571428571428572	2.014285714285714	False	False	False	1	False	0
peptide_5079	HLA-A*02:01	1	STWDREYPM	405.44	363.86	NetMHCcons	3.7	1.335499999999999	MHCflurry	0.2052274870220571	0.2700227293277923	1.482146739130343	504.11583945143366	1.335499999999999	5669.65	95.41	363.86	3.7	544.68	2.4	0.092	1.5	405.44	7.9	392.74	4.1	389.43	4.1	-1.9142857142857144	-1.9142857142857144	False	False	False	0	False	0
peptide_4146	HLA-A*02:01	1	AQGDYIDLA	407.48	172.07158464069596	MHCflurry	4.1	0.8065217391303037	MHCflurry	0.1996689490042626	0.5074817266408479	0.8065217391303037	172.07158464069596	0.8283749999999991	5449.91	2.15	1145.59	5.6	1886.7	4.5	0.0468	2.2	326.55	6.8	407.48	4.2	373.62	4.1	0.19999999999999996	0.19999999999999996	False	False	False	0	False	0
peptide_9186	HLA-A*02:01	1	PLWHWWAQI	412.08	49.16	PickPocket	3.2	1.4803749999999989	MHCflurry	0.0293859026278369	0.134163553209874	2.390326086956435	650.7322448398091	1.4803749999999989	5606.84	76.02	412.08	3.9	1255.65	3.7	0.0111	4.7	49.16	1.7	246.67	3.2	245.71	3.2	-0.44285714285714306	-0.27142857142857146	False	False	False	0	False	0
peptide_8258	HLA-A*02:01	1	FEIAYSLRV	412.749	267.57	SMMPMBEC	3.8	0.8360597826086007	MHCflurry	0.4240152845159173	0.4934579627714717	0.8360597826086007	412.74898311861193	1.2352499999999988	5529.26	4.4	1283.42	5.9	1944.51	4.6	0.0184	3.7	293.06	6.3	320.71	3.8	267.57	3.4	1.1	1.1	False	False	False	0	False	0
peptide_2318	HLA-A*02:01	1	MCMKIWQYV	415.37	299.47	PickPocket	4.3	1.195624999999999	MHCflurry	0.0179390662269725	0.2004404754492947	1.832635869565138	380.3616402843061	1.195624999999999	5549.79	7.109999999999999	394.62	3.8	676.86	2.7	0.0103	4.9	299.47	6.4	448.86	4.5	415.37	4.3	0.14285714285714285	0.35714285714285715	False	False	False	1	False	0
peptide_1329	HLA-A*02:01	1	SSFDYPNIV	418.82	247.98229417602715	MHCflurry	3.9	0.9735054347824814	MHCflurry	0.2150192335247993	0.4327260564769523	0.9735054347824814	247.98229417602715	0.9916249999999992	5595.22	58.79	1073.58	5.5	1203.09	3.6	0.124	1.2	418.82	8.0	376.8	4.1	341.53	3.9	0.22857142857142865	0.22857142857142865	False	False	False	0	False	0
peptide_2561	HLA-A*02:01	1	KQANPFPLL	421.09	73.43835381046969	MHCflurry	1.08	0.20086956521736	MHCflurry	0.4460065476596355	0.8492301850352943	0.20086956521736	73.43835381046969	0.4856249999999997	5099.24	1.08	421.09	3.9	141.38	0.97	0.514	0.26	148.23	4.1	463.56	4.6	521.71	4.9	0.7857142857142857	0.7857142857142857	False	False	False	0	False	1
peptide_5348	HLA-A*02:01	1	YQWCGAMLF	423.75	117.17	NetMHCpan	3.4	0.84	NetMHCpan	0.0714349676927668	0.0915657946868579	3.1065489130433974	1180.8282566306943	1.868374999999999	5689.17	96.41	280.65	3.4	117.17	0.84	0.0477	2.2	497.98	9.0	423.75	4.3	390.33	4.1	1.6428571428571428	1.6428571428571428	False	False	False	1	False	0
peptide_1990	HLA-A*02:01	1	PLWYQMSMV	426.73	47.08	PickPocket	2.8	1.6	PickPocket	0.0218065965527785	0.0614248796610675	4.271168478260833	1537.3593072235224	2.06675	5598.82	64.72	432.64	3.9	426.73	2.1	0.0374	2.5	47.08	1.6	201.89	2.8	234.12	3.1	0.21428571428571422	0.21428571428571422	False	False	False	0	False	0
peptide_4305	HLA-A*02:01	1	QLYEIMCPF	434.98	141.95	PickPocket	3.6	1.3784999999999992	MHCflurry	0.0154226674931123	0.1492972405043112	2.231603260869477	544.0562169172678	1.3784999999999992	5701.52	96.91	434.98	4.0	686.8	2.7	0.0193	3.6	141.95	3.9	314.13	3.7	273.17	3.4	0.757142857142857	0.9000000000000001	True	False	False	1	False	0
peptide_2924	HLA-A*02:01	1	IQARYEFCL	437.16	158.17	PickPocket	3.4	1.8984999999999992	MHCflurry	0.1164343934506177	0.1016057444910867	2.8906521739129545	1235.6207713197468	1.8984999999999992	5615.6	84.54	451.77	4.0	437.16	2.1	0.0347	2.6	158.17	4.4	274.23	3.4	283.42	3.5	0.2285714285714285	0.2285714285714285	False	False	False	1	False	0
peptide_3351	HLA-A*02:01	1	LMNEAAFHF	437.96	159.89	PickPocket	4.4	1.130624999999999	MHCflurry	0.2204835619777441	0.3684264823660058	1.142119565217243	333.4214893430203	1.130624999999999	5539.71	5.4	771.82	4.8	186.38	1.3	0.136	1.2	159.89	4.4	480.96	4.7	437.96	4.4	-0.142857142857143	0.7285714285714285	False	False	False	0	False	0
peptide_4985	HLA-A*02:01	1	ISWEVDLPI	441.68	344.7	PickPocket	4.2	1.2976249999999991	MHCflurry	0.0047631262714276	0.1640750748790217	2.1033695652173208	466.3872279910053	1.2976249999999991	5627.56	90.25	621.64	4.5	384.51	2.0	0.0292	2.9	344.7	7.1	441.68	4.4	406.85	4.2	0.4285714285714285	0.5428571428571429	False	False	False	0	False	0
peptide_7219	HLA-A*02:01	1	FQCCRNSFI	442.7	118.03873557109294	MHCflurry	4.4	0.6691249999999994	MHCflurry	0.0021994472372171	0.4249115870710568	0.9941576086955166	118.03873557109294	0.6691249999999994	5615.16	84.22	598.54	4.4	705.54	2.7	0.00356	8.1	251.87	5.9	442.7	4.4	385.86	4.1	0.5	0.5	False	False	False	2	False	0
peptide_1212	HLA-A*02:01	1	GLADQEDNI	443.72	123.32	PickPocket	2.4	0.52	NetMHCpanEL	0.0280433377483859	0.365738949935148	1.1500815217389828	167.39521658106045	0.8138749999999991	5207.77	1.23	412.08	3.9	553.27	2.4	0.313	0.52	123.32	3.6	443.72	4.4	461.77	4.6	-1.5999999999999999	-1.2571428571428573	False	False	False	0	False	0
peptide_6024	HLA-A*02:01	1	YMVLRLVKT	444.74	108.31	PickPocket	3.2	0.8567499999999991	MHCflurry	0.021677570810425	0.3399840218890226	1.230081521738995	183.70339007815724	0.8567499999999991	5591.23	51.82	451.77	4.0	306.12	1.7	0.117	1.3	108.31	3.2	444.74	4.4	474.71	4.6	0.9857142857142857	1.7285714285714284	False	False	False	0	False	0
peptide_8083	HLA-A*02:01	1	RQMSFCNEM	444.74	245.14795892506064	MHCflurry	3.5	0.6972554347825053	MHCflurry	0.3559295274317264	0.5594641170828033	0.6972554347825053	245.14795892506064	0.9806249999999992	5634.53	91.84	316.12	3.5	263.83	1.6	0.0446	2.3	585.72	9.9	444.74	4.4	446.1	4.5	0.18571428571428564	0.18571428571428564	False	False	False	1	False	0
peptide_5732	HLA-A*02:01	1	KICTYPTAI	449.89	103.81514850981075	MHCflurry	4.2	0.6221249999999995	MHCflurry	0.0427122162072919	0.491355714946096	0.8399184782607563	103.81514850981075	0.6221249999999995	5590.81	51.07000000000001	1011.56	5.3	1491.39	4.0	0.0384	2.5	274.64	6.2	449.89	4.5	395.76	4.2	0.6428571428571429	0.6428571428571429	False	False	False	1	False	0
peptide_7870	HLA-A*02:01	1	MQDDRPIWA	451.77	230.37	SMMPMBEC	3.1	0.9847499999999992	MHCflurry	0.2021024799905717	0.4233304048834535	0.999320652173779	246.12001863597925	0.9847499999999992	5509.32	3.37	719.41	4.7	1332.0	3.8	0.139	1.1	451.77	8.5	233.94	3.1	230.37	3.0	-1.1	-1.1	False	False	False	0	False	0
peptide_94	HLA-A*02:01	1	ELYHQPVVV	462.84	81.75	PickPocket	2.6	0.1071739130434963	MHCflurry	0.8305145651102066	0.9095391807014108	0.1071739130434963	164.0995036503744	0.8029999999999992	5111.04	1.09	1347.45	6.0	701.69	2.7	0.505	0.26	81.75	2.6	462.5	4.6	462.84	4.6	0.4285714285714287	0.4285714285714287	True	False	False	0	False	0
peptide_3721	HLA-A*02:01	1	STMDRYIQI	463.08	49.23906303804088	MHCflurry	2.2	0.1418478260869591	MHCflurry	0.4317016676068306	0.8875813912329206	0.1418478260869591	49.23906303804088	0.3487499999999997	3994.16	0.52	363.86	3.7	463.08	2.2	0.307	0.54	363.86	7.4	478.75	4.7	478.0	4.7	-0.27142857142857135	-0.27142857142857135	False	False	False	0	False	0
peptide_7720	HLA-A*02:01	1	RMYEWPTCG	463.56	202.86	PickPocket	4.2	1.2398097826085603	MHCflurry	0.2566497707739472	0.336389511568452	1.2398097826085603	439.543432079159	1.2623749999999991	5804.53	99.09	1610.82	6.4	1403.39	3.9	0.0152	4.1	202.86	5.1	463.56	4.6	399.42	4.2	-0.8428571428571429	-0.5142857142857143	False	False	False	1	False	0
peptide_6074	HLA-A*02:01	1	GLTQVENCV	463.91	93.08	PickPocket	2.9	0.62	NetMHCpanEL	0.0531236334354616	0.3257953417054638	1.2760054347825047	220.00434617001173	0.937499999999999	5502.16	3.12	576.3	4.4	354.71	1.9	0.263	0.62	93.08	2.9	480.96	4.7	463.91	4.6	-0.04285714285714283	-0.04285714285714283	False	False	False	1	False	0
peptide_6065	HLA-A*02:01	1	LQRTIVVWV	472.18	266.109415499747	MHCflurry	4.2	1.022124999999999	MHCflurry	0.0835066856816411	0.3090477203840488	1.3343749999999233	266.109415499747	1.022124999999999	5434.59	2.0	1602.13	6.4	1662.96	4.2	0.0203	3.5	405.44	7.9	472.18	4.6	460.71	4.6	1.5714285714285714	1.5714285714285714	False	False	False	0	False	0
peptide_8201	HLA-A*02:01	1	GMWWDWKTM	474.36	188.06	PickPocket	3.05	1.4612499999999988	MHCflurry	0.0250659603916574	0.1354882105279358	2.378505434782525	633.1275828968394	1.4612499999999988	5500.08	3.05	551.89	4.3	291.61	1.7	0.0839	1.6	188.06	4.9	474.36	4.6	449.19	4.5	-1.2714285714285711	-1.2285714285714284	False	False	False	0	False	0
peptide_643	HLA-A*02:01	1	DLWNYFRFI	475.913	69.5	PickPocket	2.3	1.095461956521575	MHCflurry	0.3390462202951312	0.3857723329155859	1.095461956521575	475.9133929620469	1.3064999999999989	5622.22	88.35	1085.26	5.5	765.87	2.8	0.0315	2.8	69.5	2.2	149.32	2.3	146.03	2.2	-0.014285714285714362	-0.014285714285714362	False	False	False	0	False	0
peptide_944	HLA-A*02:01	1	ALPLIPHIA	482.43	151.52395621471126	MHCflurry	4.4	0.71	NetMHCpanEL	0.2121672239154577	0.5492581026482221	0.7190489130433662	151.52395621471126	0.7709999999999991	5373.68	1.67	1304.42	5.9	1774.96	4.4	0.225	0.71	207.3	5.2	449.89	4.5	482.43	4.7	1.1714285714285713	1.457142857142857	False	False	False	0	False	0
peptide_8405	HLA-A*02:01	1	KQFWVDRIV	483.54	218.82	PickPocket	3.7	0.7799999999999999	MHCnuggetsI	0.2889833971858024	0.4257743356618307	0.9913315217389992	334.28111050748464	1.130624999999999	4717.75	0.7799999999999999	902.93	5.1	1293.26	3.7	0.0301	2.8	218.82	5.4	463.56	4.6	483.54	4.7	0.9714285714285714	0.9714285714285714	False	False	False	0	False	0
peptide_2585	HLA-A*02:01	1	RAWYRLVIV	484.69	218.82	PickPocket	2.7	0.79	MHCnuggetsI	0.4408905189484358	0.289297756237939	1.4029619565216365	1077.792093199957	1.7979999999999992	4731.22	0.79	484.69	4.1	689.35	2.7	0.0439	2.3	218.82	5.4	426.69	4.4	438.97	4.4	1.4285714285714286	1.4285714285714286	False	False	False	0	False	0
peptide_5780	HLA-A*02:01	1	RLFSCFMKS	485.41	160.23	NetMHCpan	4.3	1.2	NetMHCpan	0.0143101521243806	0.1974651841924766	1.8524184782608015	382.6513026871952	1.200999999999999	5765.11	98.53	560.92	4.3	160.23	1.2	0.0407	2.4	176.24	4.7	485.41	4.7	490.26	4.7	0.6428571428571427	1.3000000000000003	False	False	False	1	False	0
peptide_7287	HLA-A*02:01	1	RLISPIYGF	487.65	108.31	PickPocket	2.3	0.3107065217391067	MHCflurry	0.7463699728250504	0.7790525262302611	0.3107065217391067	355.22433475371344	1.1628749999999992	4079.57	0.54	1028.11	5.3	498.45	2.3	0.249	0.64	108.31	3.2	487.65	4.7	463.91	4.6	1.0999999999999999	1.2428571428571427	False	False	False	0	False	0
