A>D	7991
A>E	4036
A>G	4097
A>P	4209
A>S	15889
A>T	43807
A>V	44012
C>F	5220
C>G	1210
C>R	2993
C>S	3385
C>W	1265
C>Y	6558
D>A	1939
D>E	8106
D>G	9057
D>H	12381
D>N	47354
D>V	4121
D>Y	18472
E>A	3237
E>D	24226
E>G	8049
E>K	91887
E>Q	23694
E>V	4637
F>C	4129
F>I	2696
F>L	20587
F>S	3523
F>V	4948
F>Y	2019
G>A	6864
G>C	10986
G>D	15930
G>E	30368
G>R	29244
G>S	16408
G>V	18203
G>W	6482
H>D	2212
H>L	2306
H>N	5198
H>P	1795
H>Q	4582
H>R	5940
H>Y	16042
I>F	3418
I>K	627
I>L	2867
I>M	9929
I>N	2859
I>R	375
I>S	2471
I>T	7025
I>V	9378
K>E	7631
K>I	1566
K>M	2698
K>N	25860
K>Q	3897
K>R	8115
K>T	9474
L>F	25736
L>H	2429
L>I	14185
L>M	10139
L>P	10630
L>Q	3365
L>R	6029
L>S	2812
L>V	14893
L>W	588
M>I	20533
M>K	1247
M>L	2644
M>R	762
M>T	3453
M>V	4850
N>D	4075
N>H	3154
N>I	3070
N>K	7460
N>S	9613
N>T	3135
N>Y	2257
P>A	5739
P>H	10791
P>L	45458
P>Q	5844
P>R	4580
P>S	51666
P>T	12218
Q>E	8046
Q>H	18351
Q>K	8903
Q>L	4505
Q>P	2514
Q>R	6597
R>C	46269
R>G	8269
R>H	43370
R>I	9483
R>K	14764
R>L	13853
R>M	4450
R>P	4293
R>Q	47252
R>S	10002
R>T	6363
R>W	31928
S>A	2446
S>C	13655
S>F	41559
S>G	4619
S>I	7189
S>L	30552
S>N	10512
S>P	6768
S>R	9175
S>T	5467
S>W	923
S>Y	13431
T>A	12277
T>I	14255
T>K	3684
T>M	15130
T>N	5249
T>P	4041
T>R	1771
T>S	6541
V>A	12139
V>D	1686
V>E	2776
V>F	5430
V>G	4616
V>I	18169
V>L	12579
V>M	16610
W>C	5177
W>G	679
W>L	3265
W>R	2465
W>S	694
Y>C	10292
Y>D	1221
Y>F	2592
Y>H	6127
Y>N	2131
Y>S	1124
